ISIN,Symbol,Type,Name
INE144J01027,20MICRONS.NS,EQ,20 Microns Limited
INE253B01015,21STCENMGM.NS,EQ,21st Century Management Services Limited
INE748C01020,3IINFOTECH.NS,EQ,3i Infotech Limited
INE470A01017,3MINDIA.NS,EQ,3M India Limited
INE105C01023,3PLAND.NS,EQ,3P Land Holdings Limited
INE618L01018,5PAISA.NS,EQ,5Paisa Capital Limited
INE111B01023,63MOONS.NS,EQ,63 moons technologies limited
INE650K01021,8KMILES.NS,EQ,8K Miles Software Services Limited
INE619I01012,A2ZINFRA.NS,EQ,A2Z Infra Engineering Limited
INE087Z01016,AAKASH.NS,EQ,Aakash Exploration Services Limited
INE721Z01010,AARON.NS,EQ,Aaron Industries Limited
INE767A01016,AARTIDRUGS.NS,EQ,Aarti Drugs Limited
INE769A01020,AARTIIND.NS,EQ,Aarti Industries Limited
INE09EO01013,AARTISURF.NS,EQ,Aarti Surfactants Limited
INE273D01019,AARVEEDEN.NS,EQ,Aarvee Denims & Exports Limited
INE754X01016,AARVI.NS,EQ,Aarvi Encon Limited
INE216P01012,AAVAS.NS,EQ,Aavas Financiers Limited
INE421A01028,ABAN.NS,EQ,Aban Offshore Limited
INE117A01022,ABB.NS,EQ,ABB India Limited
INE358A01014,ABBOTINDIA.NS,EQ,Abbott India Limited
INE674K01013,ABCAPITAL.NS,EQ,Aditya Birla Capital Limited
INE647O01011,ABFRL.NS,EQ,Aditya Birla Fashion and Retail Limited
INE251C01017,ABMINTLTD.NS,EQ,ABM International Limited
INE012A01025,ACC.NS,EQ,ACC Limited
INE793A01012,ACCELYA.NS,EQ,Accelya Solutions India Limited
INE648Z01015,ACCURACY.NS,EQ,Accuracy Shipping Limited
INE731H01025,ACE.NS,EQ,Action Construction Equipment Limited
INE482D01024,ACRYSIL.NS,EQ,Acrysil Limited
INE423A01024,ADANIENT.NS,EQ,Adani Enterprises Limited
INE364U01010,ADANIGREEN.NS,EQ,Adani Green Energy Limited
INE742F01042,ADANIPORTS.NS,EQ,Adani Ports and Special Economic Zone Limited
INE814H01011,ADANIPOWER.NS,EQ,Adani Power Limited
INE931S01010,ADANITRANS.NS,EQ,Adani Transmission Limited
INE982B01019,ADFFOODS.NS,EQ,ADF Foods Limited
INE452L01012,ADHUNIKIND.NS,EQ,Adhunik Industries Limited
INE0CHO01012,ADL.NS,EQ,Archidply Decor Limited
INE045A01017,ADORWELD.NS,EQ,Ador Welding Limited
INE737B01033,ADROITINFO.NS,EQ,Adroit Infotech Limited
INE102I01027,ADSL.NS,EQ,Allied Digital Services Limited
INE199C01026,ADVANIHOTR.NS,EQ,Advani Hotels & Resorts (India) Limited
INE837H01020,ADVENZYMES.NS,EQ,Advanced Enzyme Technologies Limited
INE208C01025,AEGISCHEM.NS,EQ,Aegis Logistics Limited
INE00WC01019,AFFLE.NS,EQ,Affle (India) Limited
INE204E01012,AGARIND.NS,EQ,Agarwal Industrial Corporation Limited
INE676A01019,AGCNET.NS,EQ,AGC Networks Limited
INE449G01018,AGRITECH.NS,EQ,Agri-Tech (India) Limited
INE740V01019,AGROPHOS.NS,EQ,Agro Phos India Limited
INE926K01017,AHLEAST.NS,EQ,Asian Hotels (East) Limited
INE758C01029,AHLUCONT.NS,EQ,Ahluwalia Contracts (India) Limited
INE915K01010,AHLWEST.NS,EQ,Asian Hotels (West) Limited
INE212H01026,AIAENG.NS,EQ,AIA Engineering Limited
INE645W01026,AIRAN.NS,EQ,Airan Limited
INE031B01049,AJANTPHARM.NS,EQ,Ajanta Pharma Limited
INE298G01027,AJMERA.NS,EQ,Ajmera Realty & Infra India Limited
INE737W01013,AKASH.NS,EQ,Akash Infra-Projects Limited
INE542B01011,AKSHARCHEM.NS,EQ,AksharChem India Limited
INE523B01011,AKSHOPTFBR.NS,EQ,Aksh Optifibre Limited
INE133A01011,AKZOINDIA.NS,EQ,Akzo Nobel India Limited
INE914E01040,ALANKIT.NS,EQ,Alankit Limited
INE155C01010,ALBERTDAVD.NS,EQ,Albert David Limited
INE964B01033,ALCHEM.NS,EQ,Alchemist Limited
INE426A01027,ALEMBICLTD.NS,EQ,Alembic Limited
INE062D01024,ALICON.NS,EQ,Alicon Castalloy Limited
INE773I01017,ALKALI.NS,EQ,Alkali Metals Limited
INE540L01014,ALKEM.NS,EQ,Alkem Laboratories Limited
INE150B01021,ALKYLAMINE.NS,EQ,Alkyl Amines Chemicals Limited
INE418H01029,ALLCARGO.NS,EQ,Allcargo Logistics Limited
INE835G01018,ALLSEC.NS,EQ,Allsec Technologies Limited
INE326B01027,ALMONDZ.NS,EQ,Almondz Global Securities Limited
INE270A01029,ALOKINDS.NS,EQ,Alok Industries Limited
INE385I01010,ALPA.NS,EQ,Alpa Laboratories Limited
INE137C01018,ALPHAGEO.NS,EQ,Alphageo (India) Limited
INE093B01015,ALPSINDUS.NS,EQ,Alps Industries Limited
INE885A01032,AMARAJABAT.NS,EQ,Amara Raja Batteries Limited
INE371P01015,AMBER.NS,EQ,Amber Enterprises India Limited
INE540G01014,AMBIKCO.NS,EQ,Ambika Cotton Mills Limited
INE079A01024,AMBUJACEM.NS,EQ,Ambuja Cements Limited
INE005I01014,AMDIND.NS,EQ,AMD Industries Limited
INE606A01024,AMJLAND.NS,EQ,Amj Land Holdings Limited
INE098F01031,AMRUTANJAN.NS,EQ,Amrutanjan Health Care Limited
INE242C01024,ANANTRAJ.NS,EQ,Anant Raj Limited
INE666E01012,ANDHRACEMT.NS,EQ,Andhra Cements Limited
INE435A01028,ANDHRAPAP.NS,EQ,ANDHRA PAPER LIMITED
INE715B01013,ANDHRSUGAR.NS,EQ,The Andhra Sugars Limited
INE732I01013,ANGELBRKG.NS,EQ,Angel Broking Limited
INE087B01017,ANIKINDS.NS,EQ,Anik Industries Limited
INE106I01010,ANKITMETAL.NS,EQ,Ankit Metal & Power Limited
INE436A01026,ANSALAPI.NS,EQ,Ansal Properties & Infrastructure Limited
INE880B01015,ANSALHSG.NS,EQ,Ansal Housing Limited
INE294Z01018,ANUP.NS,EQ,The Anup Engineering Limited
INE372A01015,APARINDS.NS,EQ,Apar Industries Limited
INE071F01012,APCL.NS,EQ,Anjani Portland Cement Limited
INE116A01032,APCOTEXIND.NS,EQ,Apcotex Industries Limited
INE346W01013,APEX.NS,EQ,Apex Frozen Foods Limited
INE702C01027,APLAPOLLO.NS,EQ,APL Apollo Tubes Limited
INE901L01018,APLLTD.NS,EQ,Alembic Pharmaceuticals Limited
INE713T01010,APOLLO.NS,EQ,Apollo Micro Systems Limited
INE437A01024,APOLLOHOSP.NS,EQ,Apollo Hospitals Enterprise Limited
INE126J01016,APOLLOPIPE.NS,EQ,Apollo Pipes Limited
INE438A01022,APOLLOTYRE.NS,EQ,Apollo Tyres Limited
INE451F01024,APOLSINHOT.NS,EQ,Apollo Sindoori Hotels Limited
INE266F01018,APTECHT.NS,EQ,Aptech Limited
INE877I01016,ARCHIDPLY.NS,EQ,Archidply Industries Limited
INE731A01020,ARCHIES.NS,EQ,Archies Limited
INE574I01035,ARCOTECH.NS,EQ,Arcotech Limited
INE610C01014,ARENTERP.NS,EQ,Rajdarshan Industries Limited
INE298I01015,ARIES.NS,EQ,Aries Agro Limited
INE413D01011,ARIHANT.NS,EQ,Arihant Foundations & Housing Limited
INE643K01018,ARIHANTSUP.NS,EQ,Arihant Superstructures Limited
INE109C01017,ARMANFIN.NS,EQ,Arman Financial Services Limited
INE210C01013,AROGRANITE.NS,EQ,Aro Granite Industries Limited
INE570D01018,ARROWGREEN.NS,EQ,Arrow Greentech Limited
INE968D01022,ARSHIYA.NS,EQ,Arshiya Limited
INE267I01010,ARSSINFRA.NS,EQ,ARSS Infrastructure Projects Limited
INE025R01013,ARTEMISMED.NS,EQ,Artemis Medicare Services Limited
INE034A01011,ARVIND.NS,EQ,Arvind Limited
INE955V01021,ARVINDFASN.NS,EQ,Arvind Fashions Limited
INE034S01021,ARVSMART.NS,EQ,Arvind SmartSpaces Limited
INE439A01020,ASAHIINDIA.NS,EQ,Asahi India Glass Limited
INE228I01012,ASAHISONG.NS,EQ,Asahi Songwon Colors Limited
INE900C01027,ASAL.NS,EQ,Automotive Stampings and Assemblies Limited
INE073G01016,ASALCBR.NS,EQ,Associated Alcohols & Breweries Ltd.
INE348A01023,ASHAPURMIN.NS,EQ,Ashapura Minechem Limited
INE365D01021,ASHIANA.NS,EQ,Ashiana Housing Limited
INE440A01010,ASHIMASYN.NS,EQ,Ashima Limited
INE442H01029,ASHOKA.NS,EQ,Ashoka Buildcon Limited
INE208A01029,ASHOKLEY.NS,EQ,Ashok Leyland Limited
INE363A01022,ASIANHOTNR.NS,EQ,Asian Hotels (North) Limited
INE021A01026,ASIANPAINT.NS,EQ,Asian Paints Limited
INE022I01019,ASIANTILES.NS,EQ,Asian Granito India Limited
INE991I01015,ASPINWALL.NS,EQ,Aspinwall and Company Limited
INE563J01010,ASTEC.NS,EQ,Astec LifeSciences Limited
INE914M01019,ASTERDM.NS,EQ,Aster DM Healthcare Limited
INE006I01046,ASTRAL.NS,EQ,Astral Poly Technik Limited
INE386C01029,ASTRAMICRO.NS,EQ,Astra Microwave Products Limited
INE203A01020,ASTRAZEN.NS,EQ,AstraZeneca Pharma India Limited
INE646X01014,ASTRON.NS,EQ,Astron Paper & Board Mill Limited
INE209A01019,ATFL.NS,EQ,Agro Tech Foods Limited
INE399L01023,ATGL.NS,EQ,Adani Total Gas Limited
INE285H01022,ATLANTA.NS,EQ,Atlanta  Limited
INE446A01025,ATLASCYCLE.NS,EQ,Atlas Cycles (Haryana) Limited
INE100A01010,ATUL.NS,EQ,Atul Limited
INE951D01028,ATULAUTO.NS,EQ,Atul Auto Limited
INE949L01017,AUBANK.NS,EQ,AU Small Finance Bank Limited
INE132H01018,AURIONPRO.NS,EQ,Aurionpro Solutions Limited
INE406A01037,AUROPHARMA.NS,EQ,Aurobindo Pharma Limited
INE218C01016,AUSOMENT.NS,EQ,Ausom Enterprise Limited
INE449A01011,AUTOAXLES.NS,EQ,Automotive Axles Limited
INE718H01014,AUTOIND.NS,EQ,Autoline Industries Limited
INE448A01013,AUTOLITIND.NS,EQ,Autolite (India) Limited
INE349W01017,AVADHSUGAR.NS,EQ,Avadh Sugar & Energy Limited
INE871C01038,AVANTIFEED.NS,EQ,Avanti Feeds Limited
INE488D01021,AVTNPL.NS,EQ,AVT Natural Products Limited
INE01BK01022,AWHCL.NS,EQ,Antony Waste Handling Cell Limited
INE238A01034,AXISBANK.NS,EQ,Axis Bank Limited
INE555B01013,AXISCADES.NS,EQ,AXISCADES Technologies Limited
INE193B01039,AYMSYNTEX.NS,EQ,AYM Syntex Limited
INE878I01022,BAFNAPH.NS,EQ,Bafna Pharmaceuticals Limited
INE116D01028,BAGFILMS.NS,EQ,B.A.G Films and Media Limited
INE917I01010,BAJAJ-AUTO.NS,EQ,Bajaj Auto Limited
INE933K01021,BAJAJCON.NS,EQ,Bajaj Consumer Care Limited
INE193E01025,BAJAJELEC.NS,EQ,Bajaj Electricals Limited
INE918I01018,BAJAJFINSV.NS,EQ,Bajaj Finserv Limited
INE306A01021,BAJAJHIND.NS,EQ,Bajaj Hindusthan Sugar Limited
INE118A01012,BAJAJHLDNG.NS,EQ,Bajaj Holdings & Investment Limited
INE296A01024,BAJFINANCE.NS,EQ,Bajaj Finance Limited
INE794B01026,BALAJITELE.NS,EQ,Balaji Telefilms Limited
INE050E01027,BALAMINES.NS,EQ,Balaji Amines Limited
INE618N01014,BALAXI.NS,EQ,BALAXI PHARMACEUTICALS LIMITED
INE875R01011,BALKRISHNA.NS,EQ,Balkrishna Paper Mills Limited
INE787D01026,BALKRISIND.NS,EQ,Balkrishna Industries Limited
INE294A01037,BALLARPUR.NS,EQ,Ballarpur Industries Limited
INE164A01016,BALMLAWRIE.NS,EQ,Balmer Lawrie & Company Limited
INE083D01012,BALPHARMA.NS,EQ,Bal Pharma Limited
INE119A01028,BALRAMCHIN.NS,EQ,Balrampur Chini Mills Limited
INE655B01011,BANARBEADS.NS,EQ,Banaras Beads Limited
INE459A01010,BANARISUG.NS,EQ,Bannari Amman Sugars Limited
INE213C01025,BANCOINDIA.NS,EQ,Banco Products (I) Limited
INE545U01014,BANDHANBNK.NS,EQ,Bandhan Bank Limited
INE863I01016,BANG.NS,EQ,Bang Overseas Limited
INE862Y01015,BANKA.NS,EQ,Banka BioLoo Limited
INE028A01039,BANKBARODA.NS,EQ,Bank of Baroda
INE084A01016,BANKINDIA.NS,EQ,Bank of India
INE629D01012,BANSWRAS.NS,EQ,Banswara Syntex Limited
INE855F01034,BARTRONICS.NS,EQ,Bartronics India Limited
INE373A01013,BASF.NS,EQ,BASF India Limited
INE186H01014,BASML.NS,EQ,Bannari Amman Spinning Mills Limited
INE176A01028,BATAINDIA.NS,EQ,Bata India Limited
INE462A01022,BAYERCROP.NS,EQ,Bayer Cropscience Limited
INE464A01028,BBL.NS,EQ,Bharat Bijlee Limited
INE050A01025,BBTC.NS,EQ,Bombay Burmah Trading Corporation Limited
INE425B01027,BCG.NS,EQ,Brightcom Group Limited
INE905P01028,BCP.NS,EQ,B.C. Power Controls Ltd
INE171Z01018,BDL.NS,EQ,Bharat Dynamics Limited
INE520H01022,BEARDSELL.NS,EQ,Beardsell Limited
INE495P01012,BECTORFOOD.NS,EQ,Mrs. Bectors Food Specialities Limited
INE844K01012,BEDMUTHA.NS,EQ,Bedmutha Industries Limited
INE263A01024,BEL.NS,EQ,Bharat Electronics Limited
INE258A01016,BEML.NS,EQ,BEML Limited
INE922A01025,BEPL.NS,EQ,Bhansali Engineering Polymers Limited
INE463A01038,BERGEPAINT.NS,EQ,Berger Paints (I) Limited
INE878K01010,BFINVEST.NS,EQ,BF Investment Limited
INE243D01012,BFUTILITIE.NS,EQ,BF Utilities Limited
INE661I01014,BGRENERGY.NS,EQ,BGR Energy Systems Limited
INE354C01027,BHAGERIA.NS,EQ,Bhageria Industries Limited
INE458B01036,BHAGYANGR.NS,EQ,Bhagyanagar India Limited
INE363W01018,BHAGYAPROP.NS,EQ,Bhagyanagar Properties Limited
INE474E01029,BHANDARI.NS,EQ,Bhandari Hosiery Exports Limited
INE465A01025,BHARATFORG.NS,EQ,Bharat Forge Limited
INE561C01019,BHARATGEAR.NS,EQ,Bharat Gears Limited
INE838B01013,BHARATRAS.NS,EQ,Bharat Rasayan Limited
INE316L01019,BHARATWIRE.NS,EQ,Bharat Wire Ropes Limited
INE397D01024,BHARTIARTL.NS,EQ,Bharti Airtel Limited
INE257A01026,BHEL.NS,EQ,Bharat Heavy Electricals Limited
INE412U01017,BIGBLOC.NS,EQ,Bigbloc Construction Limited
INE828A01016,BIL.NS,EQ,Bhartiya International Limited
INE607L01029,BILENERGY.NS,EQ,Bil Energy Systems Limited
INE143A01010,BINDALAGRO.NS,EQ,Oswal Chemicals & Fertilizers Limited
INE376G01013,BIOCON.NS,EQ,Biocon Limited
INE829A01014,BIOFILCHEM.NS,EQ,Biofil Chemicals & Pharmaceuticals Limited
INE800A01015,BIRLACABLE.NS,EQ,Birla Cable Limited
INE340A01012,BIRLACORPN.NS,EQ,Birla Corporation Limited
INE865C01022,BIRLAMONEY.NS,EQ,Aditya Birla Money Limited
INE0AEJ01013,BIRLATYRE.NS,EQ,Birla Tyres Limited
INE831Q01016,BKMINDST.NS,EQ,Bkm Industries Limited
INE791A01024,BLBLIMITED.NS,EQ,BLB Limited
INE416D01022,BLISSGVS.NS,EQ,Bliss GVS Pharma Limited
INE350H01032,BLKASHYAP.NS,EQ,B. L. Kashyap and Sons Limited
INE153T01027,BLS.NS,EQ,BLS International Services Limited
INE472B01011,BLUECOAST.NS,EQ,Blue Coast Hotels Limited
INE233B01017,BLUEDART.NS,EQ,Blue Dart Express Limited
INE472A01039,BLUESTARCO.NS,EQ,Blue Star Limited
INE338D01028,BODALCHEM.NS,EQ,Bodal Chemicals Limited
INE032A01023,BOMDYEING.NS,EQ,Bombay Dyeing & Mfg Company Limited
INE02PY01013,BOROLTD.NS,EQ,Borosil Limited
INE666D01022,BORORENEW.NS,EQ,BOROSIL RENEWABLES LIMITED
INE323A01026,BOSCHLTD.NS,EQ,Bosch Limited
INE029A01011,BPCL.NS,EQ,Bharat Petroleum Corporation Limited
INE110A01019,BPL.NS,EQ,BPL Limited
INE589G01011,BRFL.NS,EQ,Bombay Rayon Fashions Limited
INE791I01019,BRIGADE.NS,EQ,Brigade Enterprises Limited
INE216A01030,BRITANNIA.NS,EQ,Britannia Industries Limited
INE727S01012,BRNL.NS,EQ,Bharat Road Network Limited
INE650L01011,BROOKS.NS,EQ,Brooks Laboratories Limited
INE118H01025,BSE.NS,EQ,BSE Limited
INE395A01016,BSELINFRA.NS,EQ,BSEL Infrastructure Realty Limited
INE032Z01012,BSHSL.NS,EQ,Bombay Super Hybrid Seeds Limited
INE594B01012,BSL.NS,EQ,BSL Limited
INE836A01035,BSOFT.NS,EQ,BIRLASOFT LIMITED
INE07T201019,BURGERKING.NS,EQ,Burger King India Limited
INE817H01014,BURNPUR.NS,EQ,Burnpur Cement Limited
INE295F01017,BUTTERFLY.NS,EQ,Butterfly Gandhimathi Appliances Limited
INE139I01011,BVCL.NS,EQ,Barak Valley Cements Limited
INE319B01014,BYKE.NS,EQ,The Byke Hospitality Ltd
INE010B01027,CADILAHC.NS,EQ,Cadila Healthcare Limited
INE526B01014,CALSOFT.NS,EQ,California Software Company Limited
INE052I01032,CAMLINFINE.NS,EQ,Camlin Fine Sciences Limited
INE596I01012,CAMS.NS,EQ,Computer Age Management Services Limited
INE476A01014,CANBK.NS,EQ,Canara Bank
INE874H01015,CANDC.NS,EQ,C & C Constructions Limited
INE477A01020,CANFINHOME.NS,EQ,Can Fin Homes Limited
INE068L01016,CANTABIL.NS,EQ,Cantabil Retail India Limited
INE264T01014,CAPACITE.NS,EQ,Capacit'e Infraprojects Limited
INE475E01026,CAPLIPOINT.NS,EQ,Caplin Point Laboratories Limited
INE707C01018,CAPTRUST.NS,EQ,Capital Trust Limited
INE120A01034,CARBORUNIV.NS,EQ,Carborundum Universal Limited
INE521J01018,CAREERP.NS,EQ,Career Point Limited
INE752H01013,CARERATING.NS,EQ,CARE Ratings Limited
INE172A01027,CASTROLIND.NS,EQ,Castrol India Limited
INE652F01027,CCHHL.NS,EQ,Country Club Hospitality & Holidays Limited
INE421D01022,CCL.NS,EQ,CCL Products (India) Limited
INE736A01011,CDSL.NS,EQ,Central Depository Services (India) Limited
INE482A01020,CEATLTD.NS,EQ,CEAT Limited
INE209L01016,CEBBCO.NS,EQ,Commercial Engineers & Body Builders Co Limited
INE185H01016,CELEBRITY.NS,EQ,Celebrity Fashions Limited
INE485A01015,CENTENKA.NS,EQ,Century Enka Limited
INE281A01026,CENTEXT.NS,EQ,Century Extrusions Limited
INE483A01010,CENTRALBK.NS,EQ,Central Bank of India
INE660C01027,CENTRUM.NS,EQ,Centrum Capital Limited
INE320B01020,CENTUM.NS,EQ,Centum Electronics Limited
INE348B01021,CENTURYPLY.NS,EQ,Century Plyboards (India) Limited
INE055A01016,CENTURYTEX.NS,EQ,Century Textiles & Industries Limited
INE739E01017,CERA.NS,EQ,Cera Sanitaryware Limited
INE345B01019,CEREBRAINT.NS,EQ,Cerebra Integrated Technologies Limited
INE486A01013,CESC.NS,EQ,CESC Limited
INE425Y01011,CESCVENT.NS,EQ,CESC Ventures Limited
INE180C01026,CGCL.NS,EQ,Capri Global Capital Limited
INE067A01029,CGPOWER.NS,EQ,CG Power and Industrial Solutions Limited
INE427F01016,CHALET.NS,EQ,Chalet Hotels Limited
INE085A01013,CHAMBLFERT.NS,EQ,Chambal Fertilizers & Chemicals Limited
INE995D01025,CHEMBOND.NS,EQ,Chembond Chemicals Ltd
INE03YM01018,CHEMCON.NS,EQ,Chemcon Speciality Chemicals Limited
INE783X01023,CHEMFAB.NS,EQ,Chemfab Alkalis Limited
INE178A01016,CHENNPETRO.NS,EQ,Chennai Petroleum Corporation Limited
INE121A01024,CHOLAFIN.NS,EQ,Cholamandalam Investment and Finance Company Limited
INE149A01033,CHOLAHLDNG.NS,EQ,Cholamandalam Financial Holdings Limited
INE662C01015,CHROMATIC.NS,EQ,Chromatic India Limited
INE675C01017,CIGNITITEC.NS,EQ,Cigniti Technologies Limited
INE704H01022,CINELINE.NS,EQ,Cineline India Limited
INE039B01026,CINEVISTA.NS,EQ,Cinevista Limited
INE059A01026,CIPLA.NS,EQ,Cipla Limited
INE201M01011,CLEDUCATE.NS,EQ,CL Educate Limited
INE492A01029,CLNINDIA.NS,EQ,Clariant Chemicals (India) Limited
INE981B01011,CMICABLES.NS,EQ,CMI Limited
INE672K01025,CNOVAPETRO.NS,EQ,CIL Nova Petrochemicals Limited
INE522F01014,COALINDIA.NS,EQ,Coal India Limited
INE704P01017,COCHINSHIP.NS,EQ,Cochin Shipyard Limited
INE591G01017,COFORGE.NS,EQ,Coforge Limited
INE259A01022,COLPAL.NS,EQ,Colgate Palmolive (India) Limited
INE070C01037,COMPINFO.NS,EQ,Compuage Infocom Limited
INE453B01029,COMPUSOFT.NS,EQ,Compucom Software Limited
INE111A01025,CONCOR.NS,EQ,Container Corporation of India Limited
INE552D01024,CONFIPET.NS,EQ,Confidence Petroleum India Limited
INE025A01027,CONSOFINVT.NS,EQ,Consolidated Finvest & Holdings Limited
INE663B01015,CONTROLPR.NS,EQ,Control Print Limited
INE558D01021,CORALFINAC.NS,EQ,Coral India Finance & Housing Limited
INE792I01017,CORDSCABLE.NS,EQ,Cords Cable Industries Limited
INE169A01031,COROMANDEL.NS,EQ,Coromandel International Limited
INE757A01017,COSMOFILMS.NS,EQ,Cosmo Films Limited
INE695B01025,COUNCODOS.NS,EQ,Country Condo's Limited
INE008I01026,COX&KINGS.NS,EQ,Cox & Kings Limited
INE985W01018,CREATIVE.NS,EQ,Creative Peripherals and Distribution Limited
INE230B01021,CREATIVEYE.NS,EQ,Creative Eye Limited
INE741K01010,CREDITACC.NS,EQ,CREDITACCESS GRAMEEN LIMITED
INE559D01011,CREST.NS,EQ,Crest Ventures Limited
INE007A01025,CRISIL.NS,EQ,CRISIL Limited
INE299U01018,CROMPTON.NS,EQ,Crompton Greaves Consumer Electricals Limited
INE679A01013,CSBBANK.NS,EQ,CSB Bank Limited
INE627H01017,CTE.NS,EQ,Cambridge Technology Enterprises Limited
INE491A01021,CUB.NS,EQ,City Union Bank Limited
INE144D01012,CUBEXTUB.NS,EQ,Cubex Tubings Limited
INE298A01020,CUMMINSIND.NS,EQ,Cummins India Limited
INE509F01011,CUPID.NS,EQ,Cupid Limited
INE278G01037,CYBERMEDIA.NS,EQ,Cyber Media (India) Limited
INE214A01019,CYBERTECH.NS,EQ,Cybertech Systems And Software Limited
INE136B01020,CYIENT.NS,EQ,Cyient Limited
INE818H01020,DAAWAT.NS,EQ,LT Foods Limited
INE016A01026,DABUR.NS,EQ,Dabur India Limited
INE00R701025,DALBHARAT.NS,EQ,Dalmia Bharat Limited
INE495A01022,DALMIASUG.NS,EQ,Dalmia Bharat Sugar and Industries Limited
INE497D01022,DAMODARIND.NS,EQ,Damodar Industries Limited
INE688Y01014,DANGEE.NS,EQ,Dangee Dums Limited
INE365B01017,DATAMATICS.NS,EQ,Datamatics Global Services Limited
INE950I01011,DBCORP.NS,EQ,D.B.Corp Limited
INE917M01012,DBL.NS,EQ,Dilip Buildcon Limited
INE879I01012,DBREALTY.NS,EQ,D B Realty Limited
INE921B01025,DBSTOCKBRO.NS,EQ,DB (International) Stock Brokers Limited
INE385W01011,DCAL.NS,EQ,Dishman Carbogen Amcis Limited
INE503A01015,DCBBANK.NS,EQ,DCB Bank Limited
INE498A01018,DCM.NS,EQ,DCM  Limited
INE891B01012,DCMFINSERV.NS,EQ,DCM Financial Services Limited
INE08KP01019,DCMNVL.NS,EQ,DCM Nouvelle Limited
INE499A01024,DCMSHRIRAM.NS,EQ,DCM Shriram Limited
INE500A01029,DCW.NS,EQ,DCW Limited
INE583C01021,DECCANCE.NS,EQ,Deccan Cements Limited
INE501A01019,DEEPAKFERT.NS,EQ,Deepak Fertilizers and Petrochemicals Corporation Limited
INE288B01029,DEEPAKNTR.NS,EQ,Deepak Nitrite Limited
INE677H01012,DEEPENR.NS,EQ,DEEP ENERGY RESOURCES LIMITED
INE124G01033,DELTACORP.NS,EQ,Delta Corp Limited
INE393A01011,DELTAMAGNT.NS,EQ,Delta Manufacturing Limited
INE947J01015,DEN.NS,EQ,Den Networks Limited
INE244A01016,DENORA.NS,EQ,De Nora India Limited
INE456C01020,DFMFOODS.NS,EQ,DFM Foods Limited
INE03JI01017,DGCONTENT.NS,EQ,Digicontent Limited
INE041A01016,DHAMPURSUG.NS,EQ,Dhampur Sugar Mills Limited
INE680A01011,DHANBANK.NS,EQ,Dhanlaxmi Bank Limited
INE274G01010,DHANI.NS,EQ,Dhani Services Limited
INE435G01025,DHANUKA.NS,EQ,Dhanuka Agritech Limited
INE988C01014,DHARSUGAR.NS,EQ,Dharani Sugars & Chemicals Limited
INE202B01012,DHFL.NS,EQ,Dewan Housing Finance Corporation Limited
INE320L01011,DHUNINV.NS,EQ,Dhunseri Investments Limited
INE393P01035,DIAMONDYD.NS,EQ,Prataap Snacks Limited
INE989C01012,DIAPOWER.NS,EQ,Diamond Power Infra Ltd
INE303A01010,DICIND.NS,EQ,DIC India Limited
INE927C01020,DIGISPICE.NS,EQ,DiGiSPICE Technologies Limited
INE731U01010,DIGJAMLTD.NS,EQ,Digjam Limited
INE836F01026,DISHTV.NS,EQ,Dish TV India Limited
INE361B01024,DIVISLAB.NS,EQ,Divi's Laboratories Limited
INE935N01012,DIXON.NS,EQ,Dixon Technologies (India) Limited
INE271C01023,DLF.NS,EQ,DLF Limited
INE250K01012,DLINKINDIA.NS,EQ,D-Link (India) Limited
INE192R01011,DMART.NS,EQ,Avenue Supermarts Limited
INE016M01021,DNAMEDIA.NS,EQ,Diligent Media Corporation Limited
INE966A01022,DOLAT.NS,EQ,Dolat Investments Limited
INE325C01035,DOLLAR.NS,EQ,Dollar Industries Limited
INE668D01028,DONEAR.NS,EQ,Donear Industries Limited
INE266Y01019,DPABHUSHAN.NS,EQ,D. P. Abhushan Limited
INE360C01024,DPSCLTD.NS,EQ,DPSC Limited
INE864X01013,DPWIRES.NS,EQ,D P Wires Limited
INE656K01010,DQE.NS,EQ,DQ Entertainment (International) Limited
INE506A01018,DREDGECORP.NS,EQ,Dredging Corporation of India Limited
INE089A01023,DRREDDY.NS,EQ,Dr. Reddy's Laboratories Limited
INE417B01040,DSSL.NS,EQ,Dynacons Systems & Solutions Limited
INE341R01014,DTIL.NS,EQ,Dhunseri Tea & Industries Limited
INE741L01018,DUCON.NS,EQ,Ducon Infratechnologies Limited
INE477B01010,DVL.NS,EQ,Dhunseri Ventures Limited
INE366A01041,DWARKESH.NS,EQ,Dwarikesh Sugar Industries Limited
INE221B01012,DYNAMATECH.NS,EQ,Dynamatic Technologies Limited
INE256H01015,DYNPRO.NS,EQ,Dynemic Products Limited
INE962C01027,EASTSILK.NS,EQ,Eastern Silk Industries Limited
INE268C01029,EASUNREYRL.NS,EQ,Easun Reyrolle Limited
INE726L01019,EBIXFOREX.NS,EQ,EBIXCASH WORLD MONEY INDIA LIMITED
INE738I01010,ECLERX.NS,EQ,eClerx Services Limited
INE532F01054,EDELWEISS.NS,EQ,Edelweiss Financial Services Limited
INE216H01027,EDUCOMP.NS,EQ,Educomp Solutions Limited
INE066A01021,EICHERMOT.NS,EQ,Eicher Motors Limited
INE126A01031,EIDPARRY.NS,EQ,EID Parry India Limited
INE276C01014,EIHAHOTELS.NS,EQ,EIH Associated Hotels Limited
INE230A01023,EIHOTEL.NS,EQ,EIH Limited
INE158B01016,EIMCOELECO.NS,EQ,Eimco Elecon (India) Limited
INE184H01027,EKC.NS,EQ,Everest Kanto Cylinder Limited
INE205B01023,ELECON.NS,EQ,Elecon Engineering Company Limited
INE086A01029,ELECTCAST.NS,EQ,Electrosteel Castings Limited
INE822G01016,ELECTHERM.NS,EQ,Electrotherm (India) Limited
INE285A01027,ELGIEQUIP.NS,EQ,Elgi Equipments Limited
INE819L01012,ELGIRUBCO.NS,EQ,Elgi Rubber Company Limited
INE548C01032,EMAMILTD.NS,EQ,Emami Limited
INE830C01026,EMAMIPAP.NS,EQ,Emami Paper Mills Limited
INE778K01012,EMAMIREAL.NS,EQ,Emami Realty Limited
INE078A01026,EMCO.NS,EQ,Emco Limited
INE296H01011,EMKAY.NS,EQ,Emkay Global Financial Services Limited
INE753K01015,EMMBI.NS,EQ,Emmbi Industries Limited
INE913H01037,ENDURANCE.NS,EQ,Endurance Technologies Limited
INE306C01019,ENERGYDEV.NS,EQ,Energy Development Company Limited
INE510A01028,ENGINERSIN.NS,EQ,Engineers India Limited
INE265F01028,ENIL.NS,EQ,Entertainment Network (India) Limited
INE255A01020,EPL.NS,EQ,EPL Limited
INE988K01017,EQUITAS.NS,EQ,Equitas Holdings Limited
INE063P01018,EQUITASBNK.NS,EQ,Equitas Small Finance Bank Limited
INE406M01024,ERIS.NS,EQ,Eris Lifesciences Limited
INE416L01017,EROSMEDIA.NS,EQ,Eros International Media Limited
INE284A01012,ESABINDIA.NS,EQ,Esab India Limited
INE042A01014,ESCORTS.NS,EQ,Escorts Limited
INE122M01019,ESSARSHPNG.NS,EQ,Essar Shipping Limited
INE778B01029,ESTER.NS,EQ,Ester Industries Limited
INE063J01011,EUROMULTI.NS,EQ,Euro Multivision Limited
INE022C01012,EUROTEXIND.NS,EQ,Eurotex Industries and Exports Limited
INE128A01029,EVEREADY.NS,EQ,Eveready Industries India Limited
INE295A01018,EVERESTIND.NS,EQ,Everest Industries Limited
INE688J01015,EXCEL.NS,EQ,Excel Realty N Infra Limited
INE369A01029,EXCELINDUS.NS,EQ,Excel Industries Limited
INE302A01020,EXIDEIND.NS,EQ,Exide Industries Limited
INE201K01015,EXPLEOSOL.NS,EQ,Expleo Solutions Limited
INE188A01015,FACT.NS,EQ,Fertilizers and Chemicals Travancore Limited
INE0DNW01011,FAIRCHEMOR.NS,EQ,Fairchem Organics Limited
INE045J01026,FCL.NS,EQ,Fineotex Chemical Limited
INE220J01025,FCONSUMER.NS,EQ,Future Consumer Limited
INE512B01022,FCSSOFT.NS,EQ,FCS Software Solutions Limited
INE258B01022,FDC.NS,EQ,FDC Limited
INE171A01029,FEDERALBNK.NS,EQ,The Federal Bank  Limited
INE623B01027,FEL.NS,EQ,Future Enterprises Limited
IN9623B01058,FELDVR.NS,EQ,Future Enterprises Limited
INE737H01014,FIEMIND.NS,EQ,Fiem Industries Limited
INE816B01027,FILATEX.NS,EQ,Filatex India Limited
INE235A01022,FINCABLES.NS,EQ,Finolex Cables Limited
INE686Y01026,FINEORG.NS,EQ,Fine Organic Industries Limited
INE183A01016,FINPIPE.NS,EQ,Finolex Industries Limited
INE060J01017,FLEXITUFF.NS,EQ,Flexituff Ventures International Limited
INE452O01016,FLFL.NS,EQ,Future Lifestyle Fashions Limited
INE09N301011,FLUOROCHEM.NS,EQ,Gujarat Fluorochemicals Limited
INE529A01010,FMGOETZE.NS,EQ,Federal-Mogul Goetze (India) Limited.
INE360L01017,FMNL.NS,EQ,Future Market Networks Limited
INE451A01017,FORCEMOT.NS,EQ,FORCE MOTORS LTD
INE061F01013,FORTIS.NS,EQ,Fortis Healthcare Limited
INE519A01011,FOSECOIND.NS,EQ,Foseco India Limited
INE752P01024,FRETAIL.NS,EQ,Future Retail Limited
INE935Q01015,FSC.NS,EQ,Future Supply Chain Solutions Limited
INE684F01012,FSL.NS,EQ,Firstsource Solutions Limited
INE524A01029,GABRIEL.NS,EQ,Gabriel India Limited
INE036B01030,GAEL.NS,EQ,Gujarat Ambuja Exports Limited
INE129A01019,GAIL.NS,EQ,GAIL (India) Limited
INE482J01021,GAL.NS,EQ,Gyscoal Alloys Limited
INE600K01018,GALAXYSURF.NS,EQ,Galaxy Surfactants Limited
INE297H01019,GALLANTT.NS,EQ,Gallantt Metal Limited
INE528K01029,GALLISPAT.NS,EQ,Gallantt Ispat Limited
INE181G01025,GAMMNINFRA.NS,EQ,Gammon Infrastructure Projects Limited
INE524B01027,GANDHITUBE.NS,EQ,Gandhi Special Tubes Limited
INE845D01014,GANECOS.NS,EQ,Ganesha Ecosphere Limited
INE460C01014,GANESHHOUC.NS,EQ,Ganesh Housing Corporation Limited
INE335W01016,GANGESSECU.NS,EQ,Ganges Securities Limited
INE526A01016,GARDENSILK.NS,EQ,Garden Silk Mills Limited
INE276A01018,GARFIBRES.NS,EQ,Garware Technical Fibres Limited
INE152B01027,GATI.NS,EQ,GATI Limited
INE287Z01012,GAYAHWS.NS,EQ,Gayatri Highways Limited
INE336H01023,GAYAPROJ.NS,EQ,Gayatri Projects Limited
INE087J01028,GBGLOBAL.NS,EQ,GB Global Limited
INE852F01015,GDL.NS,EQ,Gateway Distriparks Limited
INE916G01016,GEECEE.NS,EQ,GeeCee Ventures Limited
INE669X01016,GEEKAYWIRE.NS,EQ,Geekay Wires Limited
INE727B01026,GENESYS.NS,EQ,Genesys International Corporation Limited
INE949P01018,GENUSPAPER.NS,EQ,Genus Paper & Boards Limited
INE955D01029,GENUSPOWER.NS,EQ,Genus Power Infrastructures Limited
INE007B01023,GEOJITFSL.NS,EQ,Geojit Financial Services Limited
INE878A01011,GEPIL.NS,EQ,GE Power India Limited
INE017A01032,GESHIP.NS,EQ,The Great Eastern Shipping Company Limited
INE200A01026,GET&D.NS,EQ,GE T&D India Limited
INE538A01037,GFLLIMITED.NS,EQ,GFL Limited
INE534A01028,GFSTEELS.NS,EQ,Grand Foundry Limited
INE539A01019,GHCL.NS,EQ,GHCL Limited
INE289B01019,GICHSGFIN.NS,EQ,GIC Housing Finance Limited
INE481Y01014,GICRE.NS,EQ,General Insurance Corporation of India
INE047B01011,GILLANDERS.NS,EQ,Gillanders Arbuthnot & Company Limited
INE322A01010,GILLETTE.NS,EQ,Gillette India Limited
INE424C01010,GINNIFILA.NS,EQ,Ginni Filaments Limited
INE162A01010,GIPCL.NS,EQ,Gujarat Industries Power Company Limited
INE065J01016,GISOLUTION.NS,EQ,GI Engineering Solutions Limited
INE528A01020,GKWLIMITED.NS,EQ,GKW Limited
INE068V01023,GLAND.NS,EQ,Gland Pharma Limited
INE159A01016,GLAXO.NS,EQ,GlaxoSmithKline Pharmaceuticals Limited
INE935A01035,GLENMARK.NS,EQ,Glenmark Pharmaceuticals Limited
INE540A01017,GLFL.NS,EQ,Gujarat Lease Financing Limited
INE291W01011,GLOBAL.NS,EQ,Global Education Limited
INE792H01019,GLOBALVECT.NS,EQ,Global Vectra Helicorp Limited
INE581X01013,GLOBE.NS,EQ,Globe Textiles (India) Limited
INE446C01013,GLOBOFFS.NS,EQ,Global Offshore Services Limited
INE615I01010,GLOBUSSPR.NS,EQ,Globus Spirits Limited
INE075D01018,GMBREW.NS,EQ,GM Breweries Limited
INE131A01031,GMDCLTD.NS,EQ,Gujarat Mineral Development Corporation Limited
INE541A01023,GMMPFAUDLR.NS,EQ,GMM Pfaudler Limited
INE776C01039,GMRINFRA.NS,EQ,GMR Infrastructure Limited
INE934S01014,GNA.NS,EQ,GNA Axles Limited
INE113A01013,GNFC.NS,EQ,Gujarat Narmada Valley Fertilizers and Chemicals Limited
INE426D01013,GOACARBON.NS,EQ,Goa Carbon Limited
INE077F01035,GOCLCORP.NS,EQ,GOCL Corporation Limited
INE260B01028,GODFRYPHLP.NS,EQ,Godfrey Phillips India Limited
INE925Y01010,GODHA.NS,EQ,Godha Cabcon & Insulation Limited
INE850D01014,GODREJAGRO.NS,EQ,Godrej Agrovet Limited
INE102D01028,GODREJCP.NS,EQ,Godrej Consumer Products Limited
INE233A01035,GODREJIND.NS,EQ,Godrej Industries Limited
INE484J01027,GODREJPROP.NS,EQ,Godrej Properties Limited
INE516K01024,GOENKA.NS,EQ,Goenka Diamond and Jewels Limited
INE887G01027,GOKEX.NS,EQ,Gokaldas Exports Limited
INE020J01029,GOKUL.NS,EQ,Gokul Refoils and Solvent Limited
INE314T01025,GOKULAGRO.NS,EQ,Gokul Agro Resources Limited
INE973A01010,GOLDENTOBC.NS,EQ,Golden Tobacco Limited
INE025B01017,GOLDIAM.NS,EQ,Goldiam International Limited
INE805A01014,GOLDTECH.NS,EQ,Goldstone Technologies Limited
INE127I01024,GOODLUCK.NS,EQ,Goodluck India Limited
INE533A01012,GOODYEAR.NS,EQ,Goodyear India Limited
INE177H01013,GPIL.NS,EQ,Godawari Power And Ispat limited
INE517F01014,GPPL.NS,EQ,Gujarat Pipavav Port Limited
INE390G01014,GPTINFRA.NS,EQ,GPT Infraprojects Limited
INE101D01020,GRANULES.NS,EQ,Granules India Limited
INE371A01025,GRAPHITE.NS,EQ,Graphite India Limited
INE047A01021,GRASIM.NS,EQ,Grasim Industries Limited
INE024L01027,GRAVITA.NS,EQ,Gravita India Limited
INE224A01026,GREAVESCOT.NS,EQ,Greaves Cotton Limited
INE544R01013,GREENLAM.NS,EQ,Greenlam Industries Limited
INE08ZM01014,GREENPANEL.NS,EQ,Greenpanel Industries Limited
INE461C01038,GREENPLY.NS,EQ,Greenply Industries Limited
INE999K01014,GREENPOWER.NS,EQ,Orient Green Power Company Limited
INE536A01023,GRINDWELL.NS,EQ,Grindwell Norton Limited
INE646C01018,GROBTEA.NS,EQ,The Grob Tea Company Limited
INE137I01015,GRPLTD.NS,EQ,GRP Limited
INE382Z01011,GRSE.NS,EQ,Garden Reach Shipbuilders & Engineers Limited
INE542A01039,GSCLCEMENT.NS,EQ,Gujarat Sidhee Cement Limited
INE026A01025,GSFC.NS,EQ,Gujarat State Fertilizers & Chemicals Limited
INE246F01010,GSPL.NS,EQ,Gujarat State Petronet Limited
INE871H01011,GSS.NS,EQ,GSS Infotech Limited
INE043A01012,GTL.NS,EQ,GTL Limited
INE221H01019,GTLINFRA.NS,EQ,GTL Infrastructure Limited
INE537A01013,GTNIND.NS,EQ,GTN Industries Limited
INE302H01017,GTNTEX.NS,EQ,GTN Textiles Limited
INE869I01013,GTPL.NS,EQ,GTPL Hathway Limited
INE742B01025,GUFICBIO.NS,EQ,Gufic Biosciences Limited
INE186A01019,GUJALKALI.NS,EQ,Gujarat Alkalies and Chemicals Limited
INE826C01016,GUJAPOLLO.NS,EQ,Gujarat Apollo Industries Limited
INE844O01030,GUJGASLTD.NS,EQ,Gujarat Gas Limited
INE610B01024,GUJRAFFIA.NS,EQ,Gujarat Raffia Industries Limited
INE635Q01029,GULFOILLUB.NS,EQ,Gulf Oil Lubricants India Limited
INE586G01017,GULFPETRO.NS,EQ,GP Petroleums Limited
INE255D01024,GULPOLY.NS,EQ,Gulshan Polyols Limited
INE251H01024,GVKPIL.NS,EQ,GVK Power  Limited
INE066F01012,HAL.NS,EQ,Hindustan Aeronautics Limited
INE419U01012,HAPPSTMNDS.NS,EQ,Happiest Minds Technologies Limited
INE939D01015,HARITASEAT.NS,EQ,Harita Seating Systems Limited
INE544A01019,HARRMALAYA.NS,EQ,Harrisons  Malayalam Limited
INE982F01036,HATHWAY.NS,EQ,Hathway Cable & Datacom Limited
INE473B01035,HATSUN.NS,EQ,Hatsun Agro Product Limited
INE176B01034,HAVELLS.NS,EQ,Havells India Limited
INE293B01029,HAVISHA.NS,EQ,Sri Havisha Hospitality and Infrastructure Limited
INE292B01021,HBLPOWER.NS,EQ,HBL Power Systems Limited
INE550B01022,HBSL.NS,EQ,HB Stockholdings Limited
INE549A01026,HCC.NS,EQ,Hindustan Construction Company Limited
INE075I01017,HCG.NS,EQ,Healthcare Global Enterprises Limited
INE236A01020,HCL-INSYS.NS,EQ,HCL Infosystems Limited
INE860A01027,HCLTECH.NS,EQ,HCL Technologies Limited
INE001A01036,HDFC.NS,EQ,Housing Development Finance Corporation Limited
INE127D01025,HDFCAMC.NS,EQ,HDFC Asset Management Company Limited
INE040A01034,HDFCBANK.NS,EQ,HDFC Bank Limited
INE795G01014,HDFCLIFE.NS,EQ,HDFC Life Insurance Company Limited
INE191I01012,HDIL.NS,EQ,Housing Development and Infrastructure Limited
INE545A01016,HEG.NS,EQ,HEG Limited
INE578A01017,HEIDELBERG.NS,EQ,HeidelbergCement India Limited
INE0AJG01018,HEMIPROP.NS,EQ,Hemisphere Properties India Limited
INE688E01024,HERCULES.NS,EQ,Hercules Hoists Limited
INE978A01027,HERITGFOOD.NS,EQ,Heritage Foods Limited
INE158A01026,HEROMOTOCO.NS,EQ,Hero MotoCorp Limited
INE782E01017,HESTERBIO.NS,EQ,Hester Biosciences Limited
INE750M01017,HEXATRADEX.NS,EQ,Hexa Tradex Limited
INE548A01028,HFCL.NS,EQ,HFCL Limited
INE926X01010,HGINFRA.NS,EQ,H.G. Infra Engineering Limited
INE170I01016,HGS.NS,EQ,Hinduja Global Solutions Limited
INE475B01022,HIKAL.NS,EQ,Hikal Limited
INE557A01011,HIL.NS,EQ,HIL Limited
INE788H01017,HILTON.NS,EQ,Hilton Metal Forging Limited
INE049A01027,HIMATSEIDE.NS,EQ,Himatsingka Seide Limited
INE038A01020,HINDALCO.NS,EQ,Hindalco Industries Limited
INE310C01029,HINDCOMPOS.NS,EQ,Hindustan Composites Limited
INE531E01026,HINDCOPPER.NS,EQ,Hindustan Copper Limited
INE253A01025,HINDMOTORS.NS,EQ,Hindustan Motors Limited
INE952A01022,HINDNATGLS.NS,EQ,Hindusthan National Glass & Industries Limited
INE345A01011,HINDOILEXP.NS,EQ,Hindustan Oil Exploration Company Limited
INE094A01015,HINDPETRO.NS,EQ,Hindustan Petroleum Corporation Limited
INE030A01027,HINDUNILVR.NS,EQ,Hindustan Unilever Limited
INE267A01025,HINDZINC.NS,EQ,Hindustan Zinc Limited
INE835D01023,HIRECT.NS,EQ,Hind Rectifiers Limited
INE598C01011,HISARMETAL.NS,EQ,Hisar Metal Industries Limited
INE106T01017,HITECH.NS,EQ,Hi-Tech Pipes Limited
INE120D01012,HITECHCORP.NS,EQ,Hitech Corporation Limited
INE127B01011,HITECHGEAR.NS,EQ,The Hi-Tech Gears Limited
INE102A01024,HLVLTD.NS,EQ,HLV LIMITED
INE262A01018,HMT.NS,EQ,HMT Limited
INE871K01015,HMVL.NS,EQ,Hindustan Media Ventures Limited
INE254N01018,HNDFDS.NS,EQ,Hindustan Foods Limited
INE671A01010,HONAUT.NS,EQ,Honeywell Automation India Limited
INE634A01018,HONDAPOWER.NS,EQ,Honda India Power Products Limited
INE275F01019,HOTELRUGBY.NS,EQ,Hotel Rugby Limited
INE596H01014,HOVS.NS,EQ,HOV Services Limited
INE495S01016,HPL.NS,EQ,HPL Electric & Power Limited
INE019C01026,HSCL.NS,EQ,Himadri Speciality Chemical Limited
INE415A01038,HSIL.NS,EQ,HSIL Limited
INE501G01024,HTMEDIA.NS,EQ,HT Media Limited
INE703H01016,HUBTOWN.NS,EQ,Hubtown Limited
INE031A01017,HUDCO.NS,EQ,Housing & Urban Development Corporation Limited
INE275B01026,HUHTAMAKI.NS,EQ,Huhtamaki India Limited
INE069I01010,IBREALEST.NS,EQ,Indiabulls Real Estate Limited
INE148I01020,IBULHSGFIN.NS,EQ,Indiabulls Housing Finance Limited
INE520Y01019,ICEMAKE.NS,EQ,Ice Make Refrigeration Limited
INE090A01021,ICICIBANK.NS,EQ,ICICI Bank Limited
INE765G01017,ICICIGI.NS,EQ,ICICI Lombard General Insurance Company Limited
INE726G01019,ICICIPRULI.NS,EQ,ICICI Prudential Life Insurance Company Limited
INE483B01026,ICIL.NS,EQ,Indo Count Industries Limited
INE725G01011,ICRA.NS,EQ,ICRA Limited
INE008A01015,IDBI.NS,EQ,IDBI Bank Limited
INE669E01016,IDEA.NS,EQ,Vodafone Idea Limited
INE043D01016,IDFC.NS,EQ,IDFC Limited
INE092T01019,IDFCFIRSTB.NS,EQ,IDFC First Bank Limited
INE022Q01020,IEX.NS,EQ,Indian Energy Exchange Limited
INE076C01018,IFBAGRO.NS,EQ,IFB Agro Industries Limited
INE559A01017,IFBIND.NS,EQ,IFB Industries Limited
INE039A01010,IFCI.NS,EQ,IFCI Limited
INE133Y01011,IFGLEXPOR.NS,EQ,IFGL Refractories Limited
INE188B01013,IGARASHI.NS,EQ,Igarashi Motors India Limited
INE203G01027,IGL.NS,EQ,Indraprastha Gas Limited
INE204A01010,IGPL.NS,EQ,IG Petrochemicals Limited
INE530B01024,IIFL.NS,EQ,IIFL Finance Limited
INE489L01022,IIFLSEC.NS,EQ,IIFL Securities Limited
INE466L01020,IIFLWAM.NS,EQ,Iifl Wealth Management Limited
INE886A01014,IITL.NS,EQ,Industrial Investment Trust Limited
INE369I01014,IL&FSENGG.NS,EQ,IL&FS Engineering and Construction Company Limited
INE975G01012,IL&FSTRANS.NS,EQ,IL&FS Transportation Networks Limited
INE172N01012,IMAGICAA.NS,EQ,Imagicaaworld Entertainment Limited
INE919H01018,IMFA.NS,EQ,Indian Metals & Ferro Alloys Limited
INE547E01014,IMPAL.NS,EQ,India Motor Parts and Accessories Limited
INE841B01017,INDBANK.NS,EQ,Indbank Merchant Banking Services Limited
INE053A01029,INDHOTEL.NS,EQ,The Indian Hotels Company Limited
INE383A01012,INDIACEM.NS,EQ,The India Cements Limited
INE560A01015,INDIAGLYCO.NS,EQ,India Glycols Limited
INE933S01016,INDIAMART.NS,EQ,Indiamart Intermesh Limited
INE562A01011,INDIANB.NS,EQ,Indian Bank
INE061A01014,INDIANCARD.NS,EQ,Indian Card Clothing Company Limited
INE323C01030,INDIANHUME.NS,EQ,Indian Hume Pipe Company Limited
INE646L01027,INDIGO.NS,EQ,InterGlobe Aviation Limited
INE065B01013,INDLMETER.NS,EQ,IMP Powers Limited
INE092B01025,INDNIPPON.NS,EQ,India Nippon Electricals Limited
INE873D01024,INDOCO.NS,EQ,Indoco Remedies Limited
INE156A01020,INDORAMA.NS,EQ,Indo Rama Synthetics (India) Limited
INE866K01015,INDOSOLAR.NS,EQ,Indosolar Limited
INE896L01010,INDOSTAR.NS,EQ,IndoStar Capital Finance Limited
INE332H01014,INDOTECH.NS,EQ,Indo Tech Transformers Limited
INE337M01013,INDOTHAI.NS,EQ,Indo Thai Securities Limited
INE227G01018,INDOWIND.NS,EQ,Indowind Energy Limited
INE681B01017,INDRAMEDCO.NS,EQ,Indraprastha Medical Corporation Limited
INE915B01019,INDSWFTLAB.NS,EQ,Ind-Swift Laboratories Limited
INE788B01028,INDSWFTLTD.NS,EQ,Ind-Swift Limited
INE611L01021,INDTERRAIN.NS,EQ,Indian Terrain Fashions Limited
INE095A01012,INDUSINDBK.NS,EQ,IndusInd Bank Limited
INE121J01017,INDUSTOWER.NS,EQ,Indus Towers Limited
INE189B01011,INEOSSTYRO.NS,EQ,INEOS Styrolution India Limited
INE483S01020,INFIBEAM.NS,EQ,Infibeam Avenues Limited
INE344S01016,INFOBEAN.NS,EQ,InfoBeans Technologies Limited
INE669A01022,INFOMEDIA.NS,EQ,Infomedia Press Limited
INE009A01021,INFY.NS,EQ,Infosys Limited
INE177A01018,INGERRAND.NS,EQ,Ingersoll Rand (India) Limited
INE312H01016,INOXLEISUR.NS,EQ,INOX Leisure Limited
INE066P01011,INOXWIND.NS,EQ,Inox Wind Limited
INE070I01018,INSECTICID.NS,EQ,Insecticides (India) Limited
INE020G01017,INSPIRISYS.NS,EQ,Inspirisys Solutions Limited
INE418N01027,INTEGRA.NS,EQ,Integra Garments and Textiles Limited
INE306R01017,INTELLECT.NS,EQ,Intellect Design Arena Limited
INE781A01025,INTENTECH.NS,EQ,Intense Technologies Limited
INE878H01016,INVENTURE.NS,EQ,Inventure Growth & Securities Limited
INE565A01014,IOB.NS,EQ,Indian Overseas Bank
INE242A01010,IOC.NS,EQ,Indian Oil Corporation Limited
INE485C01011,IOLCP.NS,EQ,IOL Chemicals and Pharmaceuticals Limited
INE571A01020,IPCALAB.NS,EQ,IPCA Laboratories Limited
INE821I01014,IRB.NS,EQ,IRB Infrastructure Developers Limited
INE962Y01021,IRCON.NS,EQ,Ircon International Limited
INE335Y01012,IRCTC.NS,EQ,Indian Railway Catering And Tourism Corporation Limited
INE763G01038,ISEC.NS,EQ,ICICI Securities Limited
INE566K01011,ISFT.NS,EQ,Intrasoft Technologies Limited
INE732F01019,ISMTLTD.NS,EQ,ISMT Limited
INE154A01025,ITC.NS,EQ,ITC Limited
INE353K01014,ITDC.NS,EQ,India Tourism Development Corporation Limited
INE686A01026,ITDCEM.NS,EQ,ITD Cementation India Limited
INE248A01017,ITI.NS,EQ,ITI Limited
INE050B01023,IVC.NS,EQ,IL&FS Investment Managers Limited
INE043C01018,IVP.NS,EQ,IVP Limited
INE848A01014,IZMO.NS,EQ,IZMO Limited
INE168A01041,J&KBANK.NS,EQ,The Jammu & Kashmir Bank Limited
INE199G01027,JAGRAN.NS,EQ,Jagran Prakashan Limited
INE048B01027,JAGSNPHARM.NS,EQ,Jagsonpal Pharmaceuticals Limited
INE091G01018,JAIBALAJI.NS,EQ,Jai Balaji Industries Limited
INE070D01027,JAICORPLTD.NS,EQ,Jai Corp Limited
INE343D01010,JAIHINDPRO.NS,EQ,Jaihind Projects Limited
INE486B01011,JAINSTUDIO.NS,EQ,Jain Studios Limited
INE039C01032,JAMNAAUTO.NS,EQ,Jamna Auto Industries Limited
INE039O01011,JASH.NS,EQ,Jash Engineering Limited
INE785A01026,JAYAGROGN.NS,EQ,Jayant Agro Organics Limited
INE571B01028,JAYBARMARU.NS,EQ,Jay Bharat Maruti Limited
INE854B01010,JAYNECOIND.NS,EQ,Jayaswal Neco Industries Limited
INE364A01020,JAYSREETEA.NS,EQ,Jayshree Tea & Industries Limited
INE572A01028,JBCHEPHARM.NS,EQ,JB Chemicals & Pharmaceuticals Limited
INE187A01017,JBFIND.NS,EQ,JBF Industries Limited
INE927D01028,JBMA.NS,EQ,JBM Auto Limited
INE782A01015,JCHAC.NS,EQ,Johnson Controls - Hitachi Air Conditioning India Limited
INE802G01018,JETAIRWAYS.NS,EQ,Jet Airways (India) Limited
INE544H01014,JHS.NS,EQ,JHS Svendgaard Laboratories Limited
INE796G01012,JINDALPHOT.NS,EQ,Jindal Photo Limited
INE197D01010,JINDALPOLY.NS,EQ,Jindal Poly Films Limited
INE324A01024,JINDALSAW.NS,EQ,Jindal Saw Limited
INE749A01030,JINDALSTEL.NS,EQ,Jindal Steel & Power Limited
INE742C01031,JINDRILL.NS,EQ,Jindal Drilling And Industries Limited
INE247D01039,JINDWORLD.NS,EQ,Jindal Worldwide Limited
IN9175A01010,JISLDVREQS.NS,EQ,Jain Irrigation Systems Limited
INE175A01038,JISLJALEQS.NS,EQ,Jain Irrigation Systems Limited
INE863T01013,JITFINFRA.NS,EQ,JITF Infralogistics Limited
INE023S01016,JIYAECO.NS,EQ,Jiya Eco-Products Limited
INE823G01014,JKCEMENT.NS,EQ,JK Cement Limited
INE576I01022,JKIL.NS,EQ,J.Kumar Infraprojects Limited
INE786A01032,JKLAKSHMI.NS,EQ,JK Lakshmi Cement Limited
INE789E01012,JKPAPER.NS,EQ,JK Paper Limited
INE573A01042,JKTYRE.NS,EQ,JK Tyre & Industries Limited
INE412C01023,JMA.NS,EQ,Jullundur Motor Agency (Delhi) Limited
INE890A01024,JMCPROJECT.NS,EQ,JMC Projects (India)  Limited
INE780C01023,JMFINANCIL.NS,EQ,JM Financial Limited
INE988E01036,JMTAUTOLTD.NS,EQ,JMT Auto Limited
INE839G01010,JOCIL.NS,EQ,Jocil Limited
INE455F01025,JPASSOCIAT.NS,EQ,Jaiprakash Associates Limited
INE099J01015,JPINFRATEC.NS,EQ,Jaypee Infratech Limited
INE147P01019,JPOLYINVST.NS,EQ,Jindal Poly Investment and Finance Company Limited
INE351F01018,JPPOWER.NS,EQ,Jaiprakash Power Ventures Limited
INE220G01021,JSL.NS,EQ,Jindal Stainless Limited
INE455T01018,JSLHISAR.NS,EQ,Jindal Stainless (Hisar) Limited
INE121E01018,JSWENERGY.NS,EQ,JSW Energy Limited
INE824G01012,JSWHL.NS,EQ,JSW Holdings Limited
INE743C01021,JSWISPL.NS,EQ,JSW Ispat Special Products Limited
INE019A01038,JSWSTEEL.NS,EQ,JSW Steel Limited
INE643A01035,JTEKTINDIA.NS,EQ,Jtekt India Limited
INE700A01033,JUBILANT.NS,EQ,Jubilant Life Sciences Limited
INE797F01012,JUBLFOOD.NS,EQ,Jubilant Foodworks Limited
INE645L01011,JUBLINDS.NS,EQ,Jubilant Industries Limited
INE974C01022,JUMPNET.NS,EQ,Jump Networks Limited
INE599M01018,JUSTDIAL.NS,EQ,Just Dial Limited
INE668F01031,JYOTHYLAB.NS,EQ,Jyothy Labs Limited
INE197A01024,JYOTISTRUC.NS,EQ,Jyoti Structures Limited
INE900B01029,KABRAEXTRU.NS,EQ,Kabra Extrusion Technik Limited
INE217B01036,KAJARIACER.NS,EQ,Kajaria Ceramics Limited
INE437B01014,KAKATCEM.NS,EQ,Kakatiya Cement Sugar & Industries Limited
INE220B01022,KALPATPOWR.NS,EQ,Kalpataru Power Transmission Limited
INE610E01010,KALYANI.NS,EQ,Kalyani Commercials Limited
INE314G01014,KALYANIFRG.NS,EQ,Kalyani Forge Limited
INE967C01018,KAMATHOTEL.NS,EQ,Kamat Hotels (I) Limited
INE390H01012,KAMDHENU.NS,EQ,Kamdhenu Limited
INE879E01037,KANANIIND.NS,EQ,Kanani Industries Limited
INE138C01024,KANORICHEM.NS,EQ,Kanoria Chemicals & Industries Limited
INE694E01014,KANPRPLA.NS,EQ,Kanpur Plastipack Limited
INE531A01024,KANSAINER.NS,EQ,Kansai Nerolac Paints Limited
INE542Z01010,KAPSTON.NS,EQ,Kapston Facilities Management Limited
INE278R01026,KARDA.NS,EQ,Karda Constructions Limited
INE725L01011,KARMAENG.NS,EQ,Karma Energy Limited
INE036D01028,KARURVYSYA.NS,EQ,Karur Vysya Bank Limited
INE234I01010,KAUSHALYA.NS,EQ,Kaushalya Infrastructure Development Corporation Limited
INE587G01015,KAYA.NS,EQ,Kaya Limited
INE805C01028,KCP.NS,EQ,KCP Limited
INE790B01024,KCPSUGIND.NS,EQ,KCP Sugar and Industries Corporation Limited
INE291D01011,KDDL.NS,EQ,KDDL Limited
INE389H01022,KEC.NS,EQ,KEC International Limited
INE134B01017,KECL.NS,EQ,Kirloskar Electric Company Limited
INE586X01012,KEERTI.NS,EQ,Keerti Knowledge and Skills Limited
INE878B01027,KEI.NS,EQ,KEI Industries Limited
INE164B01022,KELLTONTEC.NS,EQ,Kellton Tech Solutions Limited
INE717A01029,KENNAMET.NS,EQ,Kennametal India Limited
INE202H01019,KERNEX.NS,EQ,Kernex Microsystems (India) Limited
INE087A01019,KESORAMIND.NS,EQ,Kesoram Industries Limited
INE681C01015,KEYFINSERV.NS,EQ,Keynote Financial Services Limited
INE299C01024,KGL.NS,EQ,Karuturi Global Limited
INE834I01025,KHADIM.NS,EQ,Khadim India Limited
INE745B01028,KHAICHEM.NS,EQ,Khaitan Chemicals & Fertilizers Limited
INE060B01014,KHANDSE.NS,EQ,Khandwala Securities Limited
INE029L01018,KICL.NS,EQ,Kalyani Investment Company Limited
INE729D01010,KILITCH.NS,EQ,Kilitch Drugs (India) Limited
INE473D01015,KINGFA.NS,EQ,Kingfa Science & Technology (India) Limited
INE880L01014,KIOCL.NS,EQ,KIOCL Limited
INE415I01015,KIRIINDUS.NS,EQ,Kiri Industries Limited
INE884B01025,KIRLFER.NS,EQ,Kirloskar Ferrous Industries Ltd
INE732A01036,KIRLOSBROS.NS,EQ,Kirloskar Brothers Limited
INE146L01010,KIRLOSENG.NS,EQ,Kirloskar Oil Engines Limited
INE250A01039,KIRLOSIND.NS,EQ,Kirloskar Industries Limited
INE602G01020,KITEX.NS,EQ,Kitex Garments Limited
INE401H01017,KKCL.NS,EQ,Kewal Kiran Clothing Limited
INE157H01023,KMSUGAR.NS,EQ,K.M.Sugar Mills Limited
INE634I01029,KNRCON.NS,EQ,KNR Constructions Limited
INE760A01029,KOKUYOCMLN.NS,EQ,Kokuyo Camlin Limited
INE094I01018,KOLTEPATIL.NS,EQ,Kolte - Patil Developers Limited
INE082A01010,KOPRAN.NS,EQ,Kopran Limited
INE237A01028,KOTAKBANK.NS,EQ,Kotak Mahindra Bank Limited
INE419A01022,KOTARISUG.NS,EQ,Kothari Sugars And Chemicals Limited
INE720A01015,KOTHARIPET.NS,EQ,Kothari Petrochemicals Limited
INE823A01017,KOTHARIPRO.NS,EQ,Kothari Products Limited
INE04I401011,KPITTECH.NS,EQ,KPIT Technologies Limited
INE930H01023,KPRMILL.NS,EQ,K.P.R. Mill Limited
INE001B01026,KRBL.NS,EQ,KRBL Limited
INE268B01013,KREBSBIO.NS,EQ,Krebs Biochemicals and Industries Limited
INE524L01026,KRIDHANINF.NS,EQ,Kridhan Infra Limited
INE506W01012,KRISHANA.NS,EQ,Krishana Phoschem Limited
INE999A01015,KSB.NS,EQ,Ksb Limited
INE455I01029,KSCL.NS,EQ,Kaveri Seed Company Limited
INE143H01015,KSK.NS,EQ,KSK Energy Ventures Limited
INE907A01026,KSL.NS,EQ,Kalyani Steels Limited
INE614B01018,KTKBANK.NS,EQ,The Karnataka Bank Limited
INE529I01021,KUANTUM.NS,EQ,Kuantum Papers Limited
INE775B01025,KWALITY.NS,EQ,kwality limited
INE498L01015,L&TFH.NS,EQ,L&T Finance Holdings Limited
INE651C01018,LAKPRE.NS,EQ,Lakshmi Precision Screws Limited
INE600L01024,LALPATHLAB.NS,EQ,Dr. Lal Path Labs Ltd.
INE112F01022,LAMBODHARA.NS,EQ,Lambodhara Textiles Limited
INE059D01020,LAOPALA.NS,EQ,La Opala RG Limited
INE670X01014,LASA.NS,EQ,Lasa Supergenerics Limited
INE947Q01028,LAURUSLABS.NS,EQ,Laurus Labs Limited
INE269B01029,LAXMIMACH.NS,EQ,Lakshmi Machine Works Limited
INE970X01018,LEMONTREE.NS,EQ,Lemon Tree Hotels Limited
INE850E01012,LFIC.NS,EQ,Lakshmi Finance & Industrial Corporation Limited
INE337A01034,LGBBROSLTD.NS,EQ,LG Balakrishnan & Bros Limited
INE201J01017,LGBFORGE.NS,EQ,LGB Forge Limited
INE908V01012,LIBAS.NS,EQ,Libas Consumer Products Limited
INE557B01019,LIBERTSHOE.NS,EQ,Liberty Shoes Limited
INE115A01026,LICHSGFIN.NS,EQ,LIC Housing Finance Limited
INE060901019,LIKHITHA.NS,EQ,Likhitha Infrastructure Limited
INE405C01035,LINCOLN.NS,EQ,Lincoln Pharmaceuticals Limited
INE802B01019,LINCPEN.NS,EQ,Linc Pen & Plastics Limited
INE473A01011,LINDEINDIA.NS,EQ,Linde India Limited
INE397H01017,LOKESHMACH.NS,EQ,Lokesh Machines Limited
INE947I01017,LOTUSEYE.NS,EQ,Lotus Eye Hospital and Institute Limited
INE597L01014,LOVABLE.NS,EQ,Lovable Lingerie Limited
INE197J01017,LPDC.NS,EQ,Landmark Property Development Company Limited
INE093R01011,LSIL.NS,EQ,Lloyds Steels Industries Limited
INE018A01030,LT.NS,EQ,Larsen & Toubro Limited
INE214T01019,LTI.NS,EQ,Larsen & Toubro Infotech Limited
INE010V01017,LTTS.NS,EQ,L&T Technology Services Limited
INE162B01018,LUMAXIND.NS,EQ,Lumax Industries Limited
INE872H01027,LUMAXTECH.NS,EQ,Lumax Auto Technologies Limited
INE326A01037,LUPIN.NS,EQ,Lupin Limited
INE150G01020,LUXIND.NS,EQ,Lux Industries Limited
INE933A01014,LYKALABS.NS,EQ,Lyka Labs Limited
INE142K01011,LYPSAGEMS.NS,EQ,Lypsa Gems & Jewellery Limited
INE101A01026,M&M.NS,EQ,Mahindra & Mahindra Limited
INE774D01024,M&MFIN.NS,EQ,Mahindra & Mahindra Financial Services Limited
INE215I01019,MAANALU.NS,EQ,Maan Aluminium Limited
INE155Z01011,MACPOWER.NS,EQ,Macpower CNC Machines Limited
INE925C01016,MADHAV.NS,EQ,Madhav Marbles and Granites Limited
INE378D01032,MADHUCON.NS,EQ,Madhucon Projects Limited
INE414A01015,MADRASFERT.NS,EQ,Madras Fertilizers Limited
INE347W01011,MAGADSUGAR.NS,EQ,Magadh Sugar & Energy Limited
INE511C01022,MAGMA.NS,EQ,Magma Fincorp Limited
INE387I01016,MAGNUM.NS,EQ,Magnum Ventures Limited
INE457A01014,MAHABANK.NS,EQ,Bank of Maharashtra
INE843B01013,MAHAPEXLTD.NS,EQ,Maha Rashtra Apex Corporation Limited
INE451L01014,MAHASTEEL.NS,EQ,Mahamaya Steel Industries Limited
INE215D01010,MAHEPC.NS,EQ,Mahindra EPC Irrigation Limited
INE263W01010,MAHESHWARI.NS,EQ,Maheshwari Logistics Limited
INE536H01010,MAHINDCIE.NS,EQ,Mahindra CIE Automotive Limited
INE813A01018,MAHLIFE.NS,EQ,Mahindra Lifespace Developers Limited
INE766P01016,MAHLOG.NS,EQ,Mahindra Logistics Limited
INE288A01013,MAHSCOOTER.NS,EQ,Maharashtra Scooters Limited
INE271B01025,MAHSEAMLES.NS,EQ,Maharashtra Seamless Limited
INE683C01011,MAITHANALL.NS,EQ,Maithan Alloys Limited
INE898S01029,MAJESCO.NS,EQ,Majesco Limited
INE383H01017,MALUPAPER.NS,EQ,Malu Paper Mills Limited
INE859Q01017,MANAKALUCO.NS,EQ,Manaksia Aluminium Company Limited
INE830Q01018,MANAKCOAT.NS,EQ,Manaksia Coated Metals & Industries Limited
INE015D01022,MANAKSIA.NS,EQ,Manaksia Limited
INE824Q01011,MANAKSTEEL.NS,EQ,Manaksia Steels Limited
INE201A01024,MANALIPETC.NS,EQ,Manali Petrochemicals Limited
INE522D01027,MANAPPURAM.NS,EQ,Manappuram Finance Limited
INE584F01014,MANGALAM.NS,EQ,Mangalam Drugs And Organics Limited
INE558B01017,MANGCHEFER.NS,EQ,Mangalore Chemicals & Fertilizers Limited
INE347A01017,MANGLMCEM.NS,EQ,Mangalam Cement Limited
INE805B01012,MANGTIMBER.NS,EQ,Mangalam Timber Products Limited
INE993A01026,MANINDS.NS,EQ,Man Industries (India) Limited
INE949H01023,MANINFRA.NS,EQ,Man Infraconstruction Limited
INE867A01022,MANUGRAPH.NS,EQ,Manugraph India Limited
INE882A01013,MARALOVER.NS,EQ,Maral Overseas Limited
INE182D01020,MARATHON.NS,EQ,Marathon Nextgen Realty Limited
INE196A01026,MARICO.NS,EQ,Marico Limited
INE01JE01010,MARINE.NS,EQ,Marine Electricals (India) Limited
INE750C01026,MARKSANS.NS,EQ,Marksans Pharma Limited
INE585B01010,MARUTI.NS,EQ,Maruti Suzuki India Limited
INE348L01012,MASFIN.NS,EQ,MAS Financial Services Limited
INE885F01015,MASKINVEST.NS,EQ,Mask Investments Limited
INE759A01021,MASTEK.NS,EQ,Mastek Limited
INE866R01028,MATRIMONY.NS,EQ,Matrimony.Com Limited
INE636A01039,MAWANASUG.NS,EQ,Mawana Sugars Limited
INE027H01010,MAXHEALTH.NS,EQ,Max Healthcare Institute Limited
INE0CG601016,MAXIND.NS,EQ,Max India Limited
INE154U01015,MAXVIL.NS,EQ,Max Ventures and Industries Limited
INE040D01038,MAYURUNIQ.NS,EQ,Mayur Uniquoters Ltd
INE885E01034,MAZDA.NS,EQ,Mazda Limited
INE249Z01012,MAZDOCK.NS,EQ,Mazagon Dock Shipbuilders Limited
INE900L01010,MBAPL.NS,EQ,Madhya Bharat Agro Products Limited
INE748A01016,MBECL.NS,EQ,Mcnally Bharat Engineering Company Limited
INE912H01013,MBLINFRA.NS,EQ,MBL Infrastructures Limited
INE836H01014,MCDHOLDING.NS,EQ,McDowell Holdings Limited
INE854D01024,MCDOWELL-N.NS,EQ,United Spirits Limited
INE813V01022,MCL.NS,EQ,Madhav Copper Limited
INE942G01012,MCLEODRUSS.NS,EQ,Mcleod Russel India Limited
INE745G01035,MCX.NS,EQ,Multi Commodity Exchange of India Limited
INE933B01012,MEGASOFT.NS,EQ,Megasoft Limited
INE974H01013,MEGH.NS,EQ,Meghmani Organics Limited
INE817A01019,MELSTAR.NS,EQ,Melstar Information Technologies Limited
INE071D01033,MENONBE.NS,EQ,Menon Bearings Limited
INE776I01010,MEP.NS,EQ,MEP Infrastructure Developers Limited
INE934B01028,MERCATOR.NS,EQ,Mercator Limited
INE425A01011,METALFORGE.NS,EQ,Metalyst Forgings Limited
INE592I01029,METKORE.NS,EQ,Metkore Alloys & Industries Limited
INE112L01020,METROPOLIS.NS,EQ,Metropolis Healthcare Limited
INE180A01020,MFSL.NS,EQ,Max Financial Services Limited
INE0APB01016,MGEL.NS,EQ,Mangalam Global Enterprise Limited
INE002S01010,MGL.NS,EQ,Mahanagar Gas Limited
INE998I01010,MHRIL.NS,EQ,Mahindra Holidays & Resorts India Limited
INE287C01029,MIC.NS,EQ,MIC Electronics Limited
INE099Z01011,MIDHANI.NS,EQ,Mishra Dhatu Nigam Limited
INE842C01021,MINDACORP.NS,EQ,Minda Corporation Limited
INE405E01023,MINDAIND.NS,EQ,Minda Industries Limited
INE110B01017,MINDTECK.NS,EQ,Mindteck (India) Limited
INE018I01017,MINDTREE.NS,EQ,MindTree Limited
INE831A01028,MIRCELECTR.NS,EQ,MIRC Electronics Limited
INE771A01026,MIRZAINT.NS,EQ,Mirza International Limited
INE997Y01019,MITTAL.NS,EQ,Mittal Life Style Limited
INE227C01017,MMFL.NS,EQ,MM Forgings Limited
INE511Y01018,MMP.NS,EQ,MMP Industries Limited
INE123F01029,MMTC.NS,EQ,MMTC Limited
INE832A01018,MODIRUBBER.NS,EQ,Modi Rubber Limited
INE954E01012,MOHITIND.NS,EQ,Mohit Industries Limited
INE313D01013,MOHOTAIND.NS,EQ,Mohota Industries Limited
INE490G01020,MOIL.NS,EQ,MOIL Limited
INE835B01035,MOLDTECH.NS,EQ,Mold-Tek Technologies Limited
INE893J01029,MOLDTKPAC.NS,EQ,Mold-Tek Packaging Limited
INE950M01013,MONTECARLO.NS,EQ,Monte Carlo Fashions Limited
INE161G01027,MORARJEE.NS,EQ,Morarjee Textiles Limited
INE083A01026,MOREPENLAB.NS,EQ,Morepen Laboratories Limited
INE775A01035,MOTHERSUMI.NS,EQ,Motherson Sumi Systems Limited
INE338I01027,MOTILALOFS.NS,EQ,Motilal Oswal Financial Services Limited
INE861B01023,MOTOGENFIN.NS,EQ,The Motor & General Finance Limited
INE356A01018,MPHASIS.NS,EQ,MphasiS Limited
INE943D01017,MPSLTD.NS,EQ,MPS Limited
INE883A01011,MRF.NS,EQ,MRF Limited
INE398B01018,MRO-TEK.NS,EQ,MRO-TEK Realty Limited
INE103A01014,MRPL.NS,EQ,Mangalore Refinery and Petrochemicals Limited
INE752G01015,MSPL.NS,EQ,MSP Steel & Power Limited
INE255X01014,MSTCLTD.NS,EQ,Mstc Limited
INE472M01018,MTEDUCARE.NS,EQ,MT Educare Limited
INE153A01019,MTNL.NS,EQ,Mahanagar Telephone Nigam Limited
INE022B01014,MUKANDENGG.NS,EQ,Mukand Engineers Limited
INE304A01026,MUKANDLTD.NS,EQ,Mukand Limited
INE374B01019,MUKTAARTS.NS,EQ,Mukta Arts Limited
INE672B01032,MUNJALAU.NS,EQ,Munjal Auto Industries Limited
INE577A01027,MUNJALSHOW.NS,EQ,Munjal Showa Limited
INE692B01014,MURUDCERA.NS,EQ,Murudeshwar Ceramics Limited
INE296G01013,MUTHOOTCAP.NS,EQ,Muthoot Capital Services Limited
INE414G01012,MUTHOOTFIN.NS,EQ,Muthoot Finance Limited
INE295D01020,NACLIND.NS,EQ,NACL Industries Limited
INE454M01024,NAGAFERT.NS,EQ,Nagarjuna Fertilizers and Chemicals Limited
INE245I01016,NAGREEKCAP.NS,EQ,Nagreeka Capital & Infrastructure Limited
INE123B01028,NAGREEKEXP.NS,EQ,Nagreeka Exports Limited
INE049I01012,NAHARCAP.NS,EQ,Nahar Capital and Financial Services Limited
INE289A01011,NAHARINDUS.NS,EQ,Nahar Industrial Enterprises Limited
INE308A01027,NAHARPOLY.NS,EQ,Nahar Poly Films Limited
INE290A01027,NAHARSPING.NS,EQ,Nahar Spinning Mills Limited
INE298J01013,NAM-INDIA.NS,EQ,Nippon Life India Asset Management Limited
INE987B01026,NATCOPHARM.NS,EQ,Natco Pharma Limited
INE448G01010,NATHBIOGEN.NS,EQ,Nath Bio-Genes (India) Limited
INE139A01034,NATIONALUM.NS,EQ,National Aluminium Company Limited
INE088B01015,NATNLSTEEL.NS,EQ,National Steel And Agro Industries Limited
INE663F01024,NAUKRI.NS,EQ,Info Edge (India) Limited
INE048G01026,NAVINFLUOR.NS,EQ,Navin Fluorine International Limited
INE278M01019,NAVKARCORP.NS,EQ,Navkar Corporation Limited
INE060A01024,NAVNETEDUL.NS,EQ,Navneet Education Limited
INE095N01031,NBCC.NS,EQ,NBCC (India) Limited
INE365I01020,NBIFIN.NS,EQ,N. B. I. Industrial Finance Company Limited
INE725A01022,NBVENTURES.NS,EQ,Nava Bharat Ventures Limited
INE868B01028,NCC.NS,EQ,NCC Limited
INE732C01016,NCLIND.NS,EQ,NCL Industries Limited
INE756C01015,NDGL.NS,EQ,Naga Dhunseri Group Limited
INE875G01030,NDL.NS,EQ,Nandan Denim Limited
INE07OG01012,NDRAUTO.NS,EQ,Ndr Auto Components Limited
INE155G01029,NDTV.NS,EQ,New Delhi Television Limited
INE553C01016,NECCLTD.NS,EQ,North Eastern Carrying Corporation Limited
INE023H01027,NECLIFE.NS,EQ,Nectar Lifesciences Limited
INE189I01024,NELCAST.NS,EQ,Nelcast Limited
INE045B01015,NELCO.NS,EQ,NELCO Limited
INE136S01016,NEOGEN.NS,EQ,Neogen Chemicals Limited
INE317F01035,NESCO.NS,EQ,Nesco Limited
INE239A01016,NESTLEIND.NS,EQ,Nestle India Limited
INE870H01013,NETWORK18.NS,EQ,Network18 Media & Investments Limited
INE794A01010,NEULANDLAB.NS,EQ,Neuland Laboratories Limited
INE619B01017,NEWGEN.NS,EQ,Newgen Software Technologies Limited
INE747B01016,NEXTMEDIA.NS,EQ,Next Mediaworks Limited
INE870D01012,NFL.NS,EQ,National Fertilizers Limited
INE410P01011,NH.NS,EQ,Narayana Hrudayalaya Ltd.
INE848E01016,NHPC.NS,EQ,NHPC Limited
INE470Y01017,NIACL.NS,EQ,The New India Assurance Company Limited
INE161A01038,NIITLTD.NS,EQ,NIIT Limited
INE937C01029,NILAINFRA.NS,EQ,Nila Infrastructures Limited
INE00S901012,NILASPACES.NS,EQ,Nila Spaces Limited
INE310A01015,NILKAMAL.NS,EQ,Nilkamal Limited
INE567A01010,NIPPOBATRY.NS,EQ,Indo-National Limited
INE368I01016,NIRAJ.NS,EQ,Niraj Cement Structurals Limited
INE326T01011,NIRAJISPAT.NS,EQ,Niraj Ispat Industries Limited
INE858F01012,NITCO.NS,EQ,Nitco Limited
INE489H01020,NITINFIRE.NS,EQ,Nitin Fire Protection Industries Limited
INE229H01012,NITINSPIN.NS,EQ,Nitin Spinners Limited
INE542C01019,NKIND.NS,EQ,NK Industries Limited
INE589A01014,NLCINDIA.NS,EQ,NLC India Limited
INE584A01023,NMDC.NS,EQ,NMDC Limited
INE163A01018,NOCIL.NS,EQ,NOCIL Limited
INE781B01015,NOIDATOLL.NS,EQ,Noida Toll Bridge Company Limited
INE369C01017,NORBTEAEXP.NS,EQ,Norben Tea & Exports Limited
INE234A01025,NOVARTIND.NS,EQ,Novartis India Limited
INE740D01017,NRAIL.NS,EQ,N R Agarwal Industries Limited
INE349A01021,NRBBEARING.NS,EQ,NRB Bearing Limited
INE023A01030,NSIL.NS,EQ,Nalwa Sons Investments Limited
INE333I01036,NTL.NS,EQ,Neueon Towers Limited
INE733E01010,NTPC.NS,EQ,NTPC Limited
INE096B01018,NUCLEUS.NS,EQ,Nucleus Software Exports Limited
INE353A01023,NXTDIGITAL.NS,EQ,NXTDIGITAL LIMITED
INE959C01023,OAL.NS,EQ,Oriental Aromatics Limited
INE093I01010,OBEROIRLTY.NS,EQ,Oberoi Realty Limited
INE321D01016,OCCL.NS,EQ,Oriental Carbon & Chemicals Limited
INE881D01027,OFSS.NS,EQ,Oracle Financial Services Software Limited
INE274J01014,OIL.NS,EQ,Oil India Limited
INE196J01019,OISL.NS,EQ,OCL Iron and Steel Limited
INE260D01016,OLECTRA.NS,EQ,Olectra Greentech Limited
INE090B01011,OMAXAUTO.NS,EQ,Omax Autos Limited
INE800H01010,OMAXE.NS,EQ,Omaxe Limited
INE239D01028,OMMETALS.NS,EQ,OM Metals Infraprojects Limited
INE912L01015,ONELIFECAP.NS,EQ,Onelife Capital Advisors Limited
INE840Y01011,ONEPOINT.NS,EQ,One Point One Solutions Limited
INE213A01029,ONGC.NS,EQ,Oil & Natural Gas Corporation Limited
INE809I01019,ONMOBILE.NS,EQ,OnMobile Global Limited
INE229A01017,ONWARDTEC.NS,EQ,Onward Technologies Limited
INE350C01017,OPTIEMUS.NS,EQ,Optiemus Infracom Limited
INE808B01016,OPTOCIRCUI.NS,EQ,Opto Circuits (India) Limited
INE231G01010,ORBTEXP.NS,EQ,Orbit Exports Limited
INE191A01027,ORCHPHARMA.NS,EQ,Orchid Pharma Limited
INE730A01022,ORICONENT.NS,EQ,Oricon Enterprises Limited
INE569C01020,ORIENTABRA.NS,EQ,Orient Abrasives Limited
INE998H01012,ORIENTALTL.NS,EQ,Oriental Trimex Limited
INE607D01018,ORIENTBELL.NS,EQ,Orient Bell Limited
INE876N01018,ORIENTCEM.NS,EQ,Orient Cement Limited
INE142Z01019,ORIENTELEC.NS,EQ,Orient Electric Limited
INE750A01020,ORIENTHOT.NS,EQ,Oriental Hotels Limited
INE609C01024,ORIENTLTD.NS,EQ,Orient Press Limited
INE592A01026,ORIENTPPR.NS,EQ,Orient Paper & Industries Limited
INE743M01012,ORIENTREF.NS,EQ,Orient Refractories Limited
INE725E01024,ORISSAMINE.NS,EQ,The Orissa Minerals Development Company Limited
INE849L01019,ORTEL.NS,EQ,Ortel Communications Limited
INE142A01012,OSWALAGRO.NS,EQ,Oswal Agro Mills Limited
INE766A01018,PAEL.NS,EQ,PAE Limited
INE761H01022,PAGEIND.NS,EQ,Page Industries Limited
INE420C01042,PAISALO.NS,EQ,Paisalo Digital Limited
INE471W01019,PALASHSECU.NS,EQ,Palash Securities Limited
INE218G01033,PALREDTEC.NS,EQ,Palred Technologies Limited
INE922B01023,PANACEABIO.NS,EQ,Panacea Biotec Limited
INE895W01019,PANACHE.NS,EQ,Panache Digilife Limited
INE305C01029,PANAMAPET.NS,EQ,Panama Petrochem Limited
INE618H01016,PARABDRUGS.NS,EQ,Parabolic Drugs Limited
INE074B01023,PARACABLES.NS,EQ,Paramount Communications Limited
INE883N01014,PARAGMILK.NS,EQ,Parag Milk Foods Limited
INE561H01026,PARSVNATH.NS,EQ,Parsvnath Developers Limited
INE244B01030,PATELENG.NS,EQ,Patel Engineering Limited
INE529D01014,PATINTLOG.NS,EQ,Patel Integrated Logistics Limited
INE790C01014,PATSPINLTD.NS,EQ,Patspin India Limited
INE785M01013,PCJEWELLER.NS,EQ,PC Jeweller Limited
INE865T01018,PDMJEPAPER.NS,EQ,Pudumjee Paper Products Limited
INE111Q01013,PDSMFL.NS,EQ,PDS Multinational Fashions Limited
INE844A01013,PEARLPOLY.NS,EQ,Pearl Polymers Limited
INE140A01024,PEL.NS,EQ,Piramal Enterprises Limited
INE932A01024,PENIND.NS,EQ,Pennar Industries Limited
INE138A01028,PENINLAND.NS,EQ,Peninsula Land Limited
INE262H01013,PERSISTENT.NS,EQ,Persistent Systems Limited
INE347G01014,PETRONET.NS,EQ,Petronet LNG Limited
INE134E01011,PFC.NS,EQ,Power Finance Corporation Limited
INE182A01018,PFIZER.NS,EQ,Pfizer Limited
INE367G01038,PFOCUS.NS,EQ,Prime Focus Limited
INE560K01014,PFS.NS,EQ,PTC India Financial Services Limited
INE457L01011,PGEL.NS,EQ,PG Electroplast Limited
INE179A01014,PGHH.NS,EQ,Procter & Gamble Hygiene and Health Care Limited
INE199A01012,PGHL.NS,EQ,Procter & Gamble Health Limited
INE940H01014,PGIL.NS,EQ,Pearl Global Industries Limited
INE602A01023,PHILIPCARB.NS,EQ,Phillips Carbon Black Limited
INE211B01039,PHOENIXLTD.NS,EQ,The Phoenix Mills Limited
INE318A01026,PIDILITIND.NS,EQ,Pidilite Industries Limited
INE603J01030,PIIND.NS,EQ,PI Industries Limited
INE417C01014,PILANIINVS.NS,EQ,Pilani Investment and Industries Corporation Limited
INE600A01035,PILITA.NS,EQ,PIL ITALICA LIFESTYLE LIMITED
INE889E01010,PIONDIST.NS,EQ,Pioneer Distilleries Limited
INE156C01018,PIONEEREMB.NS,EQ,Pioneer Embroideries Limited
INE450D01021,PITTIENG.NS,EQ,Pitti Engineering Limited
INE431F01018,PKTEA.NS,EQ,The Peria Karamalai Tea & Produce Company Limited
INE083C01022,PLASTIBLEN.NS,EQ,Plastiblends India Limited
INE160A01022,PNB.NS,EQ,Punjab National Bank
INE859A01011,PNBGILTS.NS,EQ,PNB Gilts Limited
INE572E01012,PNBHOUSING.NS,EQ,PNB Housing Finance Limited
INE392B01011,PNC.NS,EQ,Pritish Nandy Communications Limited
INE195J01029,PNCINFRA.NS,EQ,PNC Infratech Limited
INE888B01018,PODDARHOUS.NS,EQ,Poddar Housing and Development Limited
INE371C01013,PODDARMENT.NS,EQ,Poddar Pigments Limited
INE637C01025,POKARNA.NS,EQ,Pokarna Limited
INE455K01017,POLYCAB.NS,EQ,Polycab India Limited
INE205C01021,POLYMED.NS,EQ,Poly Medicure Limited
INE633B01018,POLYPLEX.NS,EQ,Polyplex Corporation Limited
INE838E01017,PONNIERODE.NS,EQ,Ponni Sugars (Erode) Limited
INE752E01010,POWERGRID.NS,EQ,Power Grid Corporation of India Limited
INE07Y701011,POWERINDIA.NS,EQ,ABB Power Products and Systems India Limited
INE211R01019,POWERMECH.NS,EQ,Power Mech Projects Limited
INE095I01015,PPAP.NS,EQ,PPAP Automotive Limited
INE050001010,PPL.NS,EQ,Prakash Pipes Limited
INE302M01033,PRABHAT.NS,EQ,Prabhat Dairy Limited
INE505C01016,PRAENG.NS,EQ,Prajay Engineers Syndicate Limited
INE074A01025,PRAJIND.NS,EQ,Praj Industries Limited
INE603A01013,PRAKASH.NS,EQ,Prakash Industries Limited
INE696K01024,PRAKASHSTL.NS,EQ,Prakash Steelage Limited
INE546Y01022,PRAXIS.NS,EQ,Praxis Home Retail Limited
INE484I01029,PRECAM.NS,EQ,Precision Camshafts Limited
INE283A01014,PRECOT.NS,EQ,Precot Limited
INE372C01029,PRECWIRE.NS,EQ,Precision Wires India Limited
INE863B01011,PREMEXPLN.NS,EQ,Premier Explosives Limited
INE342A01018,PREMIER.NS,EQ,Premier Limited
INE309M01012,PREMIERPOL.NS,EQ,Premier Polyfilm Limited
INE980A01023,PRESSMN.NS,EQ,Pressman Advertising Limited
INE811K01011,PRESTIGE.NS,EQ,Prestige Estates Projects Limited
INE726V01018,PRICOLLTD.NS,EQ,Pricol Limited
INE032B01021,PRIMESECU.NS,EQ,Prime Securities Limited
INE689W01016,PRINCEPIPE.NS,EQ,Prince Pipes And Fittings Limited
INE959A01019,PRIVISCL.NS,EQ,Privi Speciality Chemicals Limited
INE195N01013,PROZONINTU.NS,EQ,Prozone Intu Properties Limited
INE010A01011,PRSMJOHNSN.NS,EQ,Prism Johnson Limited
INE608A01012,PSB.NS,EQ,Punjab & Sind Bank
INE488V01015,PSPPROJECT.NS,EQ,PSP Projects Limited
INE877F01012,PTC.NS,EQ,PTC India Limited
INE034D01031,PTL.NS,EQ,PTL Enterprises Limited
INE277B01014,PUNJABCHEM.NS,EQ,Punjab Chemicals & Crop Protection Limited
INE701B01021,PUNJLLOYD.NS,EQ,Punj Lloyd Limited
INE323I01011,PURVA.NS,EQ,Puravankara Limited
INE191H01014,PVR.NS,EQ,PVR Limited
INE615P01015,QUESS.NS,EQ,Quess Corp Limited
INE306L01010,QUICKHEAL.NS,EQ,Quick Heal Technologies Limited
INE874F01027,RADAAN.NS,EQ,Radaan Mediaworks India Limited
INE944F01028,RADICO.NS,EQ,Radico Khaitan Limited
INE919I01024,RADIOCITY.NS,EQ,Music Broadcast Limited
INE855B01025,RAIN.NS,EQ,Rain Industries Limited
INE343B01030,RAJESHEXPO.NS,EQ,Rajesh Exports Limited
INE451D01011,RAJRATAN.NS,EQ,Rajratan Global Wire Limited
INE533D01024,RAJRAYON.NS,EQ,Raj Rayon Industries Limited
INE562B01019,RAJSREESUG.NS,EQ,Rajshree Sugars & Chemicals Limited
INE952H01027,RAJTV.NS,EQ,Raj Television Network Limited
INE613A01020,RALLIS.NS,EQ,Rallis India Limited
INE278B01020,RAMANEWS.NS,EQ,Shree Rama Newsprint Limited
INE230R01027,RAMASTEEL.NS,EQ,Rama Steel Tubes Limited
INE331A01037,RAMCOCEM.NS,EQ,The Ramco Cements Limited
INE614A01028,RAMCOIND.NS,EQ,Ramco Industries Limited
INE246B01019,RAMCOSYS.NS,EQ,Ramco Systems Limited
INE874I01013,RAMKY.NS,EQ,Ramky Infrastructure Limited
INE005D01015,RAMSARUP.NS,EQ,Ramsarup Industries Limited
INE625B01014,RANASUG.NS,EQ,Rana Sugars Limited
INE222J01013,RANEENGINE.NS,EQ,Rane Engine Valve Limited
INE384A01010,RANEHOLDIN.NS,EQ,Rane Holdings Limited
INE703B01027,RATNAMANI.NS,EQ,Ratnamani Metals & Tubes Limited
INE301A01014,RAYMOND.NS,EQ,Raymond Limited
INE244J01017,RBL.NS,EQ,Rane Brake Lining Limited
INE976G01028,RBLBANK.NS,EQ,RBL Bank Limited
INE027A01015,RCF.NS,EQ,Rashtriya Chemicals and Fertilizers Limited
INE330H01018,RCOM.NS,EQ,Reliance Communications Limited
INE020B01018,RECLTD.NS,EQ,REC Limited
INE891D01026,REDINGTON.NS,EQ,Redington (India) Limited
INE056I01017,REFEX.NS,EQ,Refex Industries Limited
INE131B01039,RELAXO.NS,EQ,Relaxo Footwears Limited
INE013A01015,RELCAPITAL.NS,EQ,Reliance Capital Limited
INE002A01018,RELIANCE.NS,EQ,Reliance Industries Limited
INE621H01010,RELIGARE.NS,EQ,Religare Enterprises Limited
INE036A01016,RELINFRA.NS,EQ,Reliance Infrastructure Limited
INE474C01015,REMSONSIND.NS,EQ,Remsons Industries Limited
INE087H01022,RENUKA.NS,EQ,Shree Renuka Sugars Limited
INE612J01015,REPCOHOME.NS,EQ,Repco Home Finance Limited
INE364Z01019,REPL.NS,EQ,Rudrabhishek Enterprises Limited
INE461B01014,REPRO.NS,EQ,Repro India Limited
INE688D01026,RESPONIND.NS,EQ,Responsive Industries Limited
INE617A01013,REVATHI.NS,EQ,Revathi Equipment Limited
INE722H01016,RGL.NS,EQ,Renaissance Global Limited
INE217K01011,RHFL.NS,EQ,Reliance Home Finance Limited
INE209B01025,RICOAUTO.NS,EQ,Rico Auto Industries Limited
INE046A01015,RIIL.NS,EQ,Reliance Industrial Infrastructure Limited
INE320J01015,RITES.NS,EQ,RITES Limited
INE722J01012,RKDL.NS,EQ,Ravi Kumar Distilleries Limited
INE786W01010,RKEC.NS,EQ,RKEC Projects Limited
INE399G01015,RKFORGE.NS,EQ,Ramkrishna Forgings Limited
INE172H01014,RMCL.NS,EQ,Radha Madhav Corporation Limited
INE050H01012,RML.NS,EQ,Rane (Madras) Limited
INE542F01012,RNAVAL.NS,EQ,Reliance Naval and Engineering Limited
INE248H01012,ROHITFERRO.NS,EQ,Rohit Ferro-Tech Limited
INE283H01019,ROHLTD.NS,EQ,Royal Orchid Hotels Limited
INE927A01040,ROLLT.NS,EQ,Rollatainers Limited
INE293A01013,ROLTA.NS,EQ,Rolta India Limited
INE294G01026,ROML.NS,EQ,Raj Oil Mills Limited
INE02A801020,ROSSARI.NS,EQ,Rossari Biotech Limited
INE847C01020,ROSSELLIND.NS,EQ,Rossell India Limited
INE450U01017,ROUTE.NS,EQ,ROUTE MOBILE LIMITED
INE105J01010,RPGLIFE.NS,EQ,RPG Life Sciences Limited
INE614G01033,RPOWER.NS,EQ,Reliance Power Limited
INE324L01013,RPPINFRA.NS,EQ,R.P.P. Infra Projects Limited
INE165B01029,RSSOFTWARE.NS,EQ,R. S. Software (India) Limited
INE611A01016,RSWM.NS,EQ,RSWM Limited
INE411H01032,RSYSTEMS.NS,EQ,R Systems International Limited
INE834M01019,RTNINFRA.NS,EQ,RattanIndia Infrastructure Limited
INE399K01017,RTNPOWER.NS,EQ,RattanIndia Power Limited
INE301D01026,RUBYMILLS.NS,EQ,The Ruby Mills Limited
INE619A01035,RUCHI.NS,EQ,Ruchi Soya Industries Limited
INE413B01023,RUCHINFRA.NS,EQ,Ruchi Infrastructure Limited
INE803H01014,RUCHIRA.NS,EQ,Ruchira Papers Limited
INE895B01021,RUPA.NS,EQ,Rupa & Company Limited
INE573K01017,RUSHIL.NS,EQ,Rushil Decor Limited
INE09E501017,RVHL.NS,EQ,Ravinder Heights Limited
INE415G01027,RVNL.NS,EQ,Rail Vikas Nigam Limited
INE902B01017,S&SPOWER.NS,EQ,S&S Power Switchgears Limited
INE860T01019,SABEVENTS.NS,EQ,Sab Events & Governance Now Media Limited
INE226H01026,SADBHAV.NS,EQ,Sadbhav Engineering Limited
INE764L01010,SADBHIN.NS,EQ,Sadbhav Infrastructure Project Limited
INE429E01023,SAFARI.NS,EQ,Safari Industries (India) Limited
INE976T01013,SAGARDEEP.NS,EQ,Sagardeep Alloys Limited
INE229C01013,SAGCEM.NS,EQ,Sagar Cements Limited
INE114A01011,SAIL.NS,EQ,Steel Authority of India Limited
INE732S01012,SAKAR.NS,EQ,Sakar Healthcare Limited
INE623A01011,SAKHTISUG.NS,EQ,Sakthi Sugars Limited
INE667G01015,SAKSOFT.NS,EQ,Saksoft Limited
INE190H01024,SAKUMA.NS,EQ,Sakuma Exports Limited
INE170V01019,SALASAR.NS,EQ,Salasar Techno Engineering Limited
INE498E01010,SALONA.NS,EQ,Salona Cotspin Limited
INE658G01014,SALSTEEL.NS,EQ,S.A.L. Steel Limited
INE457F01013,SALZERELEC.NS,EQ,Salzer Electronics Limited
INE699B01027,SAMBHAAV.NS,EQ,Sambhaav Media Limited
INE782L01012,SANCO.NS,EQ,Sanco Industries Limited
INE583B01015,SANDESH.NS,EQ,The Sandesh Limited
INE278H01035,SANDHAR.NS,EQ,Sandhar Technologies Limited
INE495C01010,SANGAMIND.NS,EQ,Sangam (India) Limited
INE999B01013,SANGHIIND.NS,EQ,Sanghi Industries Limited
INE263L01013,SANGHVIFOR.NS,EQ,Sanghvi Forging and Engineering Limited
INE989A01024,SANGHVIMOV.NS,EQ,Sanghvi Movers Limited
INE753W01010,SANGINITA.NS,EQ,Sanginita Chemicals Limited
INE058A01010,SANOFI.NS,EQ,Sanofi India Limited
INE890C01046,SANWARIA.NS,EQ,Sanwaria Consumer Limited
INE385C01013,SARDAEN.NS,EQ,Sarda Energy & Minerals Limited
INE979A01017,SAREGAMA.NS,EQ,Saregama India Limited
INE453D01025,SARLAPOLY.NS,EQ,Sarla Performance Fibers Limited
INE231F01020,SASKEN.NS,EQ,Sasken Technologies Limited
INE019J01013,SASTASUNDR.NS,EQ,Sastasundar Ventures Limited
INE170E01023,SATIA.NS,EQ,Satia Industries Limited
INE836B01017,SATIN.NS,EQ,Satin Creditcare Network Limited
INE018E01016,SBICARD.NS,EQ,SBI Cards and Payment Services Limited
INE123W01016,SBILIFE.NS,EQ,SBI Life Insurance Company Limited
INE062A01020,SBIN.NS,EQ,State Bank of India
INE224E01036,SCAPDVR.NS,EQ,Stampede Capital Limited
INE513A01014,SCHAEFFLER.NS,EQ,Schaeffler India Limited
INE807K01035,SCHAND.NS,EQ,S Chand And Company Limited
INE839M01018,SCHNEIDER.NS,EQ,Schneider Electric Infrastructure Limited
INE109A01011,SCI.NS,EQ,Shipping Corporation Of India Limited
INE480C01020,SDBL.NS,EQ,Som Distilleries & Breweries Limited
INE497B01018,SEAMECLTD.NS,EQ,Seamec Limited
INE818A01017,SELAN.NS,EQ,Selan Exploration Technology Limited
INE105I01012,SELMCL.NS,EQ,SEL Manufacturing Company Limited
INE735M01018,SEPOWER.NS,EQ,S.E. Power Limited
INE807F01027,SEQUENT.NS,EQ,Sequent Scientific Limited
INE630A01024,SESHAPAPER.NS,EQ,Seshasayee Paper and Boards Limited
INE878E01021,SETCO.NS,EQ,Setco Automotive Limited
INE023M01027,SETUINFRA.NS,EQ,Setubandhan Infrastructure Limited
INE573R01012,SEYAIND.NS,EQ,Seya Industries Limited
INE955I01036,SEZAL.NS,EQ,Sezal Glass Limited
INE916U01025,SFL.NS,EQ,Sheela Foam Limited
INE353H01010,SGL.NS,EQ,STL Global Limited
INE640C01011,SHAHALLOYS.NS,EQ,Shah Alloys Limited
INE908D01010,SHAKTIPUMP.NS,EQ,Shakti Pumps (India) Limited
INE597J01018,SHALBY.NS,EQ,Shalby Limited
INE849C01026,SHALPAINTS.NS,EQ,Shalimar Paints Limited
INE274V01019,SHANKARA.NS,EQ,Shankara Building Products Limited
INE631A01022,SHANTIGEAR.NS,EQ,Shanthi Gears Limited
INE221J01015,SHARDACROP.NS,EQ,Sharda Cropchem Limited
INE597I01010,SHARDAMOTR.NS,EQ,Sharda Motor Industries Limited
INE932X01018,SHAREINDIA.NS,EQ,Share India Securities Limited
INE363M01019,SHEMAROO.NS,EQ,Shemaroo Entertainment Limited
INE05AN01011,SHIL.NS,EQ,Somany Home Innovation Limited
INE790G01031,SHILPAMED.NS,EQ,Shilpa Medicare Limited
INE196B01016,SHIRPUR-G.NS,EQ,Shirpur Gold Refinery Limited
INE637H01024,SHIVAMAUTO.NS,EQ,Shivam Autotech Limited
INE644Y01017,SHIVAMILLS.NS,EQ,Shiva Mills Limited
INE705C01020,SHIVATEX.NS,EQ,Shiva Texyarn Limited
INE500L01026,SHK.NS,EQ,S H Kelkar and Company Limited
INE498B01024,SHOPERSTOP.NS,EQ,Shoppers Stop Limited
INE715Y01015,SHRADHA.NS,EQ,Shradha Infraprojects Limited
INE232A01011,SHREDIGCEM.NS,EQ,Shree Digvijay Cement Co.Ltd
INE070A01015,SHREECEM.NS,EQ,SHREE CEMENT LIMITED
INE712K01011,SHREEPUSHK.NS,EQ,Shree Pushkar Chemicals & Fertilisers Limited
INE879A01019,SHREERAMA.NS,EQ,Shree Rama Multi-Tech Limited
INE632X01030,SHRENIK.NS,EQ,Shrenik Limited
INE231C01019,SHREYANIND.NS,EQ,Shreyans Industries Limited
INE757B01015,SHREYAS.NS,EQ,Shreyas Shipping & Logistics Limited
INE526E01018,SHRIPISTON.NS,EQ,Shriram Pistons & Rings Limited
INE722A01011,SHRIRAMCIT.NS,EQ,Shriram City Union Finance Limited
INE964H01014,SHRIRAMEPC.NS,EQ,Shriram EPC Limited
INE979R01011,SHYAMCENT.NS,EQ,Shyam Century Ferrous Limited
INE635A01023,SHYAMTEL.NS,EQ,Shyam Telecom Limited
INE176J01011,SICAGEN.NS,EQ,Sicagen India Limited
INE075B01012,SICAL.NS,EQ,Sical Logistics Limited
INE003A01024,SIEMENS.NS,EQ,Siemens Limited
INE529F01035,SIGIND.NS,EQ,Signet Industries Limited
INE173A01025,SIL.NS,EQ,Standard Industries Limited
INE923A01015,SILINV.NS,EQ,SIL Investments Limited
INE203Y01012,SILLYMONKS.NS,EQ,Silly Monks Entertainment Limited
INE748T01016,SIMBHALS.NS,EQ,Simbhaoli Sugars Limited
INE059B01024,SIMPLEXINF.NS,EQ,Simplex Infrastructures Limited
INE129Z01016,SINTERCOM.NS,EQ,Sintercom India Limited
INE429C01035,SINTEX.NS,EQ,Sintex Industries Limited
INE792Z01011,SIRCA.NS,EQ,Sirca Paints India Limited
INE285J01028,SIS.NS,EQ,Security and Intelligence Services (India) Limited
INE965H01011,SITINET.NS,EQ,Siti Networks Limited
INE076B01028,SIYSIL.NS,EQ,Siyaram Silk Mills Limited
INE002L01015,SJVN.NS,EQ,SJVN Limited
INE640A01023,SKFINDIA.NS,EQ,SKF India Limited
INE429F01012,SKIL.NS,EQ,SKIL Infrastructure Limited
INE439E01022,SKIPPER.NS,EQ,Skipper Limited
INE411D01015,SKMEGGPROD.NS,EQ,SKM Egg Products Export (India) Limited
INE178C01020,SMARTLINK.NS,EQ,Smartlink Holdings Limited
INE294B01019,SMLISUZU.NS,EQ,SML Isuzu Limited
INE215G01021,SMPL.NS,EQ,Splendid Metal Products Limited
INE320X01016,SMSLIFE.NS,EQ,SMS Lifesciences India Limited
INE812G01025,SMSPHARMA.NS,EQ,SMS Pharmaceuticals Limited
INE734N01019,SNOWMAN.NS,EQ,Snowman Logistics Limited
INE671H01015,SOBHA.NS,EQ,Sobha Limited
INE624Z01016,SOLARA.NS,EQ,Solara Active Pharma Sciences Limited
INE343H01029,SOLARINDS.NS,EQ,Solar Industries India Limited
INE355A01028,SOMANYCERA.NS,EQ,Somany Ceramics Limited
INE314C01013,SOMATEX.NS,EQ,Soma Textiles & Industries Limited
INE323J01019,SOMICONVEY.NS,EQ,Somi Conveyor Beltings Limited
INE269A01021,SONATSOFTW.NS,EQ,Sonata Software Limited
INE034H01016,SORILINFRA.NS,EQ,SORIL Infra Resources Limited
INE035D01012,SOTL.NS,EQ,Savita Oil Technologies Limited
INE683A01023,SOUTHBANK.NS,EQ,The South Indian Bank Limited
INE980Y01015,SOUTHWEST.NS,EQ,South West Pinnacle Exploration Limited
INE212I01016,SPAL.NS,EQ,S. P. Apparels Limited
INE572J01011,SPANDANA.NS,EQ,Spandana Sphoorty Financial Limited
INE232I01014,SPARC.NS,EQ,Sun Pharma Advanced Research Company Limited
INE247M01014,SPECIALITY.NS,EQ,Speciality Restaurants Limited
INE020801028,SPENCERS.NS,EQ,Spencer's Retail Limited
INE376C01020,SPENTEX.NS,EQ,Spentex Industries Limited
INE147A01011,SPIC.NS,EQ,Southern Petrochemicals Industries Corporation  Limited
INE285B01017,SPICEJET.NS,EQ,SPICEJET LTD
INE978G01016,SPLIL.NS,EQ,SPL Industries Limited
INE937A01023,SPMLINFRA.NS,EQ,SPML Infra Limited
INE501W01021,SPTL.NS,EQ,Sintex Plastics Technology Limited
INE099F01013,SREEL.NS,EQ,Sreeleathers Limited
INE872A01014,SREINFRA.NS,EQ,SREI Infrastructure Finance Limited
INE647A01010,SRF.NS,EQ,SRF Limited
INE917H01012,SRHHYPOLTD.NS,EQ,Sree Rayalaseema Hi-Strength Hypo Limited
INE943C01027,SRIPIPES.NS,EQ,Srikalahasthi Pipes Limited
INE008Z01012,SRPL.NS,EQ,Shree Ram Proteins Limited
INE721A01013,SRTRANSFIN.NS,EQ,Shriram Transport Finance Company Limited
INE802C01017,SSWL.NS,EQ,Steel Strips Wheels Limited
INE939A01011,STAR.NS,EQ,Strides Pharma Science Limited
INE460H01021,STARCEMENT.NS,EQ,Star Cement Limited
INE733A01018,STARPAPER.NS,EQ,Star Paper Mills Limited
INE655A01013,STCINDIA.NS,EQ,The State Trading Corporation of India Limited
INE395H01011,STEELCITY.NS,EQ,Steel City Securities Limited
INE503B01013,STEELXIND.NS,EQ,STEEL EXCHANGE INDIA LIMITED
INE577L01016,STEL.NS,EQ,Stel Holdings Limited
INE334A01023,STERTOOLS.NS,EQ,Sterling Tools Limited
INE089C01029,STLTECH.NS,EQ,Sterlite Technologies Limited
INE845C01016,SUBCAPCITY.NS,EQ,International Constructions Limited
INE754A01055,SUBEXLTD.NS,EQ,Subex Limited
INE287B01021,SUBROS.NS,EQ,Subros Limited
INE659A01023,SUDARSCHEM.NS,EQ,Sudarshan Chemical Industries Limited
INE216G01011,SUJANAUNI.NS,EQ,Sujana Universal Industries Limited
INE258G01013,SUMICHEM.NS,EQ,Sumitomo Chemical India Limited
INE748Z01013,SUMIT.NS,EQ,Sumit Woods Limited
INE519C01017,SUMMITSEC.NS,EQ,Summit Securities Limited
INE105A01035,SUNCLAYLTD.NS,EQ,Sundaram Clayton Limited
INE108E01023,SUNDARAM.NS,EQ,Sundaram Multi Pap Limited
INE660A01013,SUNDARMFIN.NS,EQ,Sundaram Finance Limited
INE202Z01029,SUNDARMHLD.NS,EQ,Sundaram Finance Holdings Limited
INE073D01013,SUNDRMBRAK.NS,EQ,Sundaram Brake Linings Limited
INE387A01021,SUNDRMFAST.NS,EQ,Sundram Fasteners Limited
INE947A01014,SUNFLAG.NS,EQ,Sunflag Iron And Steel Company Limited
INE044A01036,SUNPHARMA.NS,EQ,Sun Pharmaceutical Industries Limited
INE805D01034,SUNTECK.NS,EQ,Sunteck Realty Limited
INE424H01027,SUNTV.NS,EQ,Sun TV Network Limited
INE712B01010,SUPERHOUSE.NS,EQ,Superhouse Limited
INE662A01027,SUPERSPIN.NS,EQ,Super Spinning Mills Limited
INE663A01017,SUPPETRO.NS,EQ,Supreme Petrochem Limited
INE399C01030,SUPRAJIT.NS,EQ,Suprajit Engineering Limited
INE319Z01013,SUPREMEENG.NS,EQ,Supreme Engineering Limited
INE195A01028,SUPREMEIND.NS,EQ,Supreme Industries Limited
INE550H01011,SUPREMEINF.NS,EQ,Supreme Infrastructure India Limited
INE272L01022,SURANASOL.NS,EQ,Surana Solar Limited
INE130B01031,SURANAT&P.NS,EQ,Surana Telecom and Power Limited
INE713B01026,SURYALAXMI.NS,EQ,Suryalakshmi Cotton Mills Limited
INE335A01012,SURYAROSNI.NS,EQ,Surya Roshni Limited
INE645H01027,SUTLEJTEX.NS,EQ,Sutlej Textiles and Industries Limited
INE591Q01016,SUULD.NS,EQ,Suumaya Lifestyle Limited
INE495B01038,SUVEN.NS,EQ,Suven Life Sciences Limited
INE03QK01018,SUVENPHAR.NS,EQ,Suven Pharmaceuticals Limited
INE040H01021,SUZLON.NS,EQ,Suzlon Energy Limited
INE665A01038,SWANENERGY.NS,EQ,Swan Energy Limited
INE277A01016,SWARAJENG.NS,EQ,Swaraj Engines Limited
INE409B01013,SWELECTES.NS,EQ,Swelect Energy Systems Limited
INE00M201021,SWSOLAR.NS,EQ,Sterling And Wilson Solar Limited
INE225D01027,SYMPHONY.NS,EQ,Symphony Limited
INE602K01014,SYNCOM.NS,EQ,Syncom Healthcare Limited
INE398R01022,SYNGENE.NS,EQ,Syngene International Limited
INE123C01018,TAINWALCHM.NS,EQ,Tainwala Chemical and Plastic (I) Limited
INE586B01026,TAJGVK.NS,EQ,Taj GVK Hotels & Resorts Limited
INE142I01023,TAKE.NS,EQ,Take Solutions Limited
INE187D01011,TALBROAUTO.NS,EQ,Talbros Automotive Components Limited
INE483C01032,TANLA.NS,EQ,Tanla Platforms Limited
INE388G01018,TANTIACONS.NS,EQ,Tantia Constructions Limited
INE0EK901012,TARC.NS,EQ,Anant Raj Global Limited
INE924H01018,TARMAT.NS,EQ,Tarmat Limited
INE488B01017,TASTYBITE.NS,EQ,Tasty Bite Eatables Limited
INE092A01019,TATACHEM.NS,EQ,Tata Chemicals Limited
INE493A01027,TATACOFFEE.NS,EQ,Tata Coffee Limited
INE151A01013,TATACOMM.NS,EQ,Tata Communications Limited
INE192A01025,TATACONSUM.NS,EQ,TATA CONSUMER PRODUCTS LIMITED
INE670A01012,TATAELXSI.NS,EQ,Tata Elxsi Limited
INE672A01018,TATAINVEST.NS,EQ,Tata Investment Corporation Limited
INE056C01010,TATAMETALI.NS,EQ,Tata Metaliks Limited
INE155A01022,TATAMOTORS.NS,EQ,Tata Motors Limited
IN9155A01020,TATAMTRDVR.NS,EQ,Tata Motors Limited
INE245A01021,TATAPOWER.NS,EQ,Tata Power Company Limited
INE081A01012,TATASTEEL.NS,EQ,Tata Steel Limited
INE824B01021,TATASTLBSL.NS,EQ,Tata Steel Bsl Limited
INE674A01014,TATASTLLP.NS,EQ,Tata Steel Long Products Limited
INE760L01018,TBZ.NS,EQ,Tribhovandas Bhimji Zaveri Limited
INE688A01022,TCI.NS,EQ,Transport Corporation of India Limited
INE662L01016,TCIDEVELOP.NS,EQ,TCI Developers Limited
INE586V01016,TCIEXP.NS,EQ,TCI Express Limited
INE911B01018,TCIFINANCE.NS,EQ,TCI Finance Limited
INE778U01029,TCNSBRANDS.NS,EQ,TCNS Clothing Co. Limited
INE822C01015,TCPLPACK.NS,EQ,TCPL Packaging Limited
INE467B01029,TCS.NS,EQ,Tata Consultancy Services Limited
INE419M01019,TDPOWERSYS.NS,EQ,TD Power Systems Limited
INE985S01024,TEAMLEASE.NS,EQ,Teamlease Services Limited
INE778A01021,TECHIN.NS,EQ,Techindia Nirman Limited
INE669C01036,TECHM.NS,EQ,Tech Mahindra Limited
INE285K01026,TECHNOE.NS,EQ,Techno Electric & Engineering Company Limited
INE509K01011,TECHNOFAB.NS,EQ,Technofab Engineering Limited
INE010J01012,TEJASNET.NS,EQ,Tejas Networks Limited
INE482B01010,TERASOFT.NS,EQ,Tera Software Limited
INE435C01024,TEXINFRA.NS,EQ,Texmaco Infrastructure & Holdings Limited
INE141K01013,TEXMOPIPES.NS,EQ,Texmo Pipes and Products Limited
INE621L01012,TEXRAIL.NS,EQ,Texmaco Rail & Engineering Limited
INE305A01015,TFCILTD.NS,EQ,Tourism Finance Corporation of India Limited
INE804H01012,TFL.NS,EQ,Transwarranty Finance Limited
INE797H01018,TGBHOTELS.NS,EQ,TGB Banquets And Hotels Limited
INE085J01014,THANGAMAYL.NS,EQ,Thangamayil Jewellery Limited
INE924D01017,THEINVEST.NS,EQ,The Investment Trust Of India Limited
INE083B01016,THEMISMED.NS,EQ,Themis Medicare Limited
INE152A01029,THERMAX.NS,EQ,Thermax Limited
INE409A01015,THIRUSUGAR.NS,EQ,Thiru Arooran Sugars Limited
INE332A01027,THOMASCOOK.NS,EQ,Thomas Cook  (India)  Limited
INE480M01011,THOMASCOTT.NS,EQ,Thomas Scott (India) Limited
INE594H01019,THYROCARE.NS,EQ,Thyrocare Technologies Limited
INE133E01013,TI.NS,EQ,Tilaknagar Industries Limited
INE484C01022,TIDEWATER.NS,EQ,Tide Water Oil Company (India) Limited
INE545H01011,TIIL.NS,EQ,Technocraft Industries (India) Limited
INE974X01010,TIINDIA.NS,EQ,Tube Investments of India Limited
INE440L01017,TIJARIA.NS,EQ,Tijaria Polypipes Limited
INE806C01018,TIL.NS,EQ,TIL Limited
INE289C01025,TIMESGTY.NS,EQ,Times Guaranty Limited
INE508G01029,TIMETECHNO.NS,EQ,Time Technoplast Limited
INE325A01013,TIMKEN.NS,EQ,Timken India Limited
INE422C01014,TINPLATE.NS,EQ,The Tinplate Company of India Limited
INE716B01011,TIPSINDLTD.NS,EQ,TIPS Industries Limited
INE338A01024,TIRUMALCHM.NS,EQ,Thirumalai Chemicals Limited
INE319Y01016,TIRUPATIFL.NS,EQ,Tirupati Forge Limited
INE280A01028,TITAN.NS,EQ,Titan Company Limited
INE759V01019,TMRVL.NS,EQ,The Mandhana Retail Ventures Limited
INE148A01019,TNPETRO.NS,EQ,Tamilnadu PetroProducts Limited
INE107A01015,TNPL.NS,EQ,Tamil Nadu Newsprint & Papers Limited
INE141D01018,TNTELE.NS,EQ,Tamilnadu Telecommunication Limited
INE932C01012,TOKYOPLAST.NS,EQ,Tokyo Plast International Limited
INE685A01028,TORNTPHARM.NS,EQ,Torrent Pharmaceuticals Limited
INE813H01021,TORNTPOWER.NS,EQ,Torrent Power Limited
INE336X01012,TOTAL.NS,EQ,Total Transport Systems Limited
INE486Y01013,TOUCHWOOD.NS,EQ,Touchwood Entertainment Limited
INE413G01014,TPLPLASTEH.NS,EQ,TPL Plastech Limited
INE040M01013,TREEHOUSE.NS,EQ,Tree House Education & Accessories Limited
INE00CA01015,TREJHARA.NS,EQ,TREJHARA SOLUTIONS LIMITED
INE849A01020,TRENT.NS,EQ,Trent Limited
INE391D01019,TRF.NS,EQ,TRF Limited
INE064C01022,TRIDENT.NS,EQ,Trident Limited
INE948A01012,TRIGYN.NS,EQ,Trigyn Technologies Limited
INE763I01026,TRIL.NS,EQ,Transformers And Rectifiers (India) Limited
INE152M01016,TRITURBINE.NS,EQ,Triveni Turbine Limited
INE256C01024,TRIVENI.NS,EQ,Triveni Engineering & Industries Limited
INE910C01018,TTKHLTCARE.NS,EQ,TTK Healthcare Limited
INE690A01010,TTKPRESTIG.NS,EQ,TTK Prestige Limited
INE592B01016,TTL.NS,EQ,T T Limited
INE517B01013,TTML.NS,EQ,Tata Teleservices (Maharashtra) Limited
INE886H01027,TV18BRDCST.NS,EQ,TV18 Broadcast Limited
INE236G01019,TVSELECT.NS,EQ,TVS Electronics Limited
INE494B01023,TVSMOTOR.NS,EQ,TVS Motor Company Limited
INE421C01016,TVSSRICHAK.NS,EQ,TVS Srichakra Limited
INE038F01029,TVTODAY.NS,EQ,TV Today Network Limited
INE871L01013,TVVISION.NS,EQ,TV Vision Limited
INE615H01020,TWL.NS,EQ,Titagarh Wagons Limited
INE686F01025,UBL.NS,EQ,United Breweries Limited
INE139B01016,UCALFUEL.NS,EQ,Ucal Fuel Systems Limited
INE691A01018,UCOBANK.NS,EQ,UCO Bank
INE516A01017,UFLEX.NS,EQ,UFLEX Limited
INE527H01019,UFO.NS,EQ,UFO Moviez India Limited
INE071E01023,UGARSUGAR.NS,EQ,The Ugar Sugar Works Limited
INE899L01022,UJAAS.NS,EQ,Ujaas Energy Limited
INE334L01012,UJJIVAN.NS,EQ,Ujjivan Financial Services Limited
INE551W01018,UJJIVANSFB.NS,EQ,Ujjivan Small Finance Bank Limited
INE481G01011,ULTRACEMCO.NS,EQ,UltraTech Cement Limited
INE864B01027,UMANGDAIRY.NS,EQ,Umang Dairies Limited
INE240C01028,UMESLTD.NS,EQ,Usha Martin Education & Solutions Limited
INE351A01035,UNICHEMLAB.NS,EQ,Unichem Laboratories Limited
INE961D01019,UNIDT.NS,EQ,United Drilling Tools Limited
INE037A01022,UNIENTER.NS,EQ,Uniphos Enterprises Limited
INE692A01016,UNIONBANK.NS,EQ,Union Bank of India
INE694A01020,UNITECH.NS,EQ,Unitech Limited
INE458F01011,UNITEDTEA.NS,EQ,The United Nilgiri Tea Estates Company Limited
INE466H01028,UNITY.NS,EQ,Unity Infraprojects Limited
INE562X01013,UNIVASTU.NS,EQ,Univastu India Limited
INE279A01012,UNIVCABLES.NS,EQ,Universal Cables Limited
INE03V001013,UNIVPHOTO.NS,EQ,Universus Photo Imagings Limited
INE628A01036,UPL.NS,EQ,UPL Limited
INE550C01020,URJA.NS,EQ,Urja Global Limited
INE228A01035,USHAMART.NS,EQ,Usha Martin Limited
INE094J01016,UTIAMC.NS,EQ,UTI Asset Management Company Limited
INE699A01011,UTTAMSTL.NS,EQ,Uttam Galva Steels Limited
INE786F01031,UTTAMSUGAR.NS,EQ,Uttam Sugar Mills Limited
INE945H01013,V2RETAIL.NS,EQ,V2 Retail Limited
INE694D01016,VADILALIND.NS,EQ,Vadilal Industries Limited
INE884A01019,VAIBHAVGBL.NS,EQ,Vaibhav Global Limited
INE972X01014,VAISHALI.NS,EQ,Vaishali Pharma Limited
INE051B01021,VAKRANGEE.NS,EQ,Vakrangee Limited
INE565V01010,VALIANTORG.NS,EQ,Valiant Organics Limited
INE116G01013,VARDHACRLC.NS,EQ,Vardhman Acrylics Limited
INE835A01011,VARDMNPOLY.NS,EQ,Vardhman Polytex Limited
INE665L01035,VARROC.NS,EQ,Varroc Engineering Limited
INE893I01013,VASCONEQ.NS,EQ,Vascon Engineers Limited
INE590L01019,VASWANI.NS,EQ,Vaswani Industries Limited
INE200M01013,VBL.NS,EQ,Varun Beverages Limited
INE205A01025,VEDL.NS,EQ,Vedanta Limited
INE398A01010,VENKEYS.NS,EQ,Venky's (India) Limited
INE411B01019,VENUSREM.NS,EQ,Venus Remedies Limited
INE188Y01015,VERTOZ.NS,EQ,Vertoz Advertising Limited
INE386A01015,VESUVIUS.NS,EQ,Vesuvius India Limited
INE918N01018,VETO.NS,EQ,Veto Switchgears And Cables Limited
INE951I01027,VGUARD.NS,EQ,V-Guard Industries Limited
INE701A01023,VHL.NS,EQ,Vardhman Holdings Limited
INE048C01017,VICEROY.NS,EQ,Viceroy Hotels Limited
INE703A01011,VIDEOIND.NS,EQ,Videocon Industries Limited
INE632C01026,VIDHIING.NS,EQ,Vidhi Specialty Food Ingredients Limited
INE159N01027,VIJIFIN.NS,EQ,Viji Finance Limited
INE806A01020,VIKASECO.NS,EQ,Vikas EcoTech Limited
INE161L01027,VIKASMCORP.NS,EQ,Vikas Multicorp Limited
INE767B01022,VIKASPROP.NS,EQ,Vikas Proppant & Granite Limited
INE706A01022,VIKASWSP.NS,EQ,Vikas WSP Limited
INE579C01029,VIMTALABS.NS,EQ,Vimta Labs Limited
INE410B01037,VINATIORGA.NS,EQ,Vinati Organics Limited
INE707A01012,VINDHYATEL.NS,EQ,Vindhya Telelinks Limited
INE250B01029,VINYLINDIA.NS,EQ,Vinyl Chemicals (India) Limited
INE450G01024,VIPCLOTHNG.NS,EQ,VIP Clothing Limited
INE054A01027,VIPIND.NS,EQ,VIP Industries Limited
INE946H01037,VIPULLTD.NS,EQ,Vipul Limited
INE392A01013,VISAKAIND.NS,EQ,Visaka Industries Limited
INE286H01012,VISASTEEL.NS,EQ,Visa Steel Limited
INE755Q01025,VISHAL.NS,EQ,Vishal Fabrics Limited
INE270I01014,VISHNU.NS,EQ,Vishnu Chemicals Limited
INE430N01014,VISHWARAJ.NS,EQ,Vishwaraj Sugar Industries Limited
INE370E01029,VIVIDHA.NS,EQ,Visagar Polytex Limited
INE526G01021,VIVIMEDLAB.NS,EQ,Vivimed Labs Limited
INE709A01018,VLSFINANCE.NS,EQ,VLS Finance Limited
INE665J01013,VMART.NS,EQ,V-Mart Retail Limited
INE540H01012,VOLTAMP.NS,EQ,Voltamp Transformers Limited
INE226A01021,VOLTAS.NS,EQ,Voltas Limited
INE366I01010,VRLLOG.NS,EQ,VRL Logistics Limited
INE050M01012,VSSL.NS,EQ,Vardhman Special Steels Limited
INE710A01016,VSTIND.NS,EQ,VST Industries Limited
INE764D01017,VSTTILLERS.NS,EQ,V.S.T Tillers Tractors Limited
INE825A01012,VTL.NS,EQ,Vardhman Textiles Limited
INE956G01038,WABAG.NS,EQ,VA Tech Wabag Limited
INE342J01019,WABCOINDIA.NS,EQ,WABCO India Limited
INE711A01022,WALCHANNAG.NS,EQ,Walchandnagar Industries Limited
INE107F01022,WANBURY.NS,EQ,Wanbury Limited
INE054C01015,WATERBASE.NS,EQ,Waterbase Limited
INE855C01015,WEBELSOLAR.NS,EQ,Websol Energy System Limited
INE080A01014,WEIZMANIND.NS,EQ,Weizmann Limited
INE191B01025,WELCORP.NS,EQ,Welspun Corp Limited
INE625G01013,WELENT.NS,EQ,Welspun Enterprises Limited
INE389K01018,WELINV.NS,EQ,Welspun Investments and Commercials Limited
INE192B01031,WELSPUNIND.NS,EQ,Welspun India Limited
INE274C01019,WENDT.NS,EQ,Wendt (India) Limited
INE274F01020,WESTLIFE.NS,EQ,Westlife Development Ltd
INE715A01015,WHEELS.NS,EQ,Wheels India Limited
INE716A01013,WHIRLPOOL.NS,EQ,Whirlpool of India Limited
INE210A01017,WILLAMAGOR.NS,EQ,Williamson Magor & Company Limited
INE052A01021,WINDMACHIN.NS,EQ,Windsor Machines Limited
INE215F01023,WIPL.NS,EQ,The Western India Plywoods Limited
INE075A01022,WIPRO.NS,EQ,Wipro Limited
INE049B01025,WOCKPHARMA.NS,EQ,Wockhardt Limited
INE066O01014,WONDERLA.NS,EQ,Wonderla Holidays Limited
INE196Y01018,WORTH.NS,EQ,Worth Peripherals Limited
INE100D01014,WSI.NS,EQ,W S Industries (I) Limited
INE976A01021,WSTCSTPAPR.NS,EQ,West Coast Paper Mills Limited
INE692G01013,XCHANGING.NS,EQ,Xchanging Solutions Limited
INE01P501012,XELPMOC.NS,EQ,Xelpmoc Design And Tech Limited
INE445C01015,XPROINDIA.NS,EQ,Xpro India Limited
INE126M01010,YAARII.NS,EQ,Yaarii Digital Integrated Services Limited
INE528G01035,YESBANK.NS,EQ,Yes Bank Limited
INE256A01028,ZEEL.NS,EQ,Zee Entertainment Enterprises Limited
INE565L01011,ZEELEARN.NS,EQ,Zee Learn Limited
INE966H01019,ZEEMEDIA.NS,EQ,Zee Media Corporation Limited
INE058B01018,ZENITHEXPO.NS,EQ,Zenith Exports Limited
INE318D01020,ZENITHSTL.NS,EQ,Zenith Steel Pipes & Industries Limited
INE520A01027,ZENSARTECH.NS,EQ,Zensar Technologies Limited
INE251B01027,ZENTEC.NS,EQ,Zen Technologies Limited
INE871B01014,ZICOM.NS,EQ,Zicom Electronic Security Systems Limited
INE206B01013,ZODIACLOTH.NS,EQ,Zodiac Clothing Company Limited
INE077B01018,ZODJRDMKJ.NS,EQ,Zodiac JRD- MKJ Limited
INE358U01012,ZOTA.NS,EQ,Zota Health Care LImited
INE840M01016,ZUARI.NS,EQ,Zuari Agro Chemicals Limited
INE217A01012,ZUARIGLOB.NS,EQ,Zuari Global Limited
INE768C01010,ZYDUSWELL.NS,EQ,Zydus Wellness Limited
